"","TestId","AddId","concentration","reliability","used.model","log.x","log.y","nboot.gc","mu.model","lambda.model","A.model","integral.model","stdmu.model","stdlambda.model","stdA.model","ci90.mu.model.lo","ci90.mu.model.up","ci90.lambda.model.lo","ci90.lambda.model.up","ci90.A.model.lo","ci90.A.model.up","ci95.mu.model.lo","ci95.mu.model.up","ci95.lambda.model.lo","ci95.lambda.model.up","ci95.A.model.lo","ci95.A.model.up","mu.spline","lambda.spline","A.spline","integral.spline","mu.bt","lambda.bt","A.bt","integral.bt","stdmu.bt","stdlambda.bt","stdA.bt","stdintegral.bt","ci90.mu.bt.lo","ci90.mu.bt.up","ci90.lambda.bt.lo","ci90.lambda.bt.up","ci90.A.bt.lo","ci90.A.bt.up","ci90.integral.bt.lo","ci90.integral.bt.up","ci95.mu.bt.lo","ci95.mu.bt.up","ci95.lambda.bt.lo","ci95.lambda.bt.up","ci95.A.bt.lo","ci95.A.bt.up","ci95.integral.bt.lo","ci95.integral.bt.up"
"1","HA2.152.01","D01","5mM Sulfite/7.5mM Lactate",TRUE,"gompertz.exp",FALSE,FALSE,0,0.0335281042342188,12.9900030828663,0.167789431238009,2.04776659732231,0.00221908404266798,0.233834479640344,0.0129058073394632,0.0298777109840299,0.0371784974844076,12.6053453638579,13.3746608018747,0.146559378164592,0.189019484311426,0.0291786995105895,0.037877508957848,12.5316875027712,13.4483186629614,0.142494048852662,0.193084813623357,0.0480852827866105,14.0076249289704,0.18795338519346,2.06401118416026,NA,NA,NA,NA,NA,NA,NA,NA,NA,NA,NA,NA,NA,NA,NA,NA,NA,NA,NA,NA,NA,NA,NA,NA
"2","HA2.152.01","D01","5mM Sulfite/7.5mM Lactate",FALSE,"gompertz.exp",FALSE,FALSE,0,NA,NA,NA,NA,NA,NA,NA,NA,NA,NA,NA,NA,NA,NA,NA,NA,NA,NA,NA,0.00152179777224522,7.13052536252905,0.041130147059503,0.472251078665823,NA,NA,NA,NA,NA,NA,NA,NA,NA,NA,NA,NA,NA,NA,NA,NA,NA,NA,NA,NA,NA,NA,NA,NA
"3","HA2.152.01","D01","5mM Sulfite/7.5mM Lactate",TRUE,"richards",FALSE,FALSE,0,0.0466426202467995,9.97633823024251,0.184674560563046,2.73302505102799,0.00460466290040727,0.351209922279472,0.000647292139901665,0.0390679497756295,0.0542172907179695,9.39859790809277,10.5540785523922,0.183609764992908,0.185739356133184,0.0376174809620012,0.0556677595315977,9.28796678257474,10.6647096779103,0.183405867968839,0.185943253157253,0.0459374019158619,9.84629544080725,0.187054335660924,2.74837506368528,NA,NA,NA,NA,NA,NA,NA,NA,NA,NA,NA,NA,NA,NA,NA,NA,NA,NA,NA,NA,NA,NA,NA,NA
"4","HA2.152.01","D01","5mM Sulfite/7.5mM Lactate",FALSE,"logistic",FALSE,FALSE,0,0.010815441602652,-0.280805836474792,0.205091104333313,3.21180261873487,0.00107482862245126,0.955245794946401,0.0107145212881999,0.00904734851871966,0.0125835346865843,-1.85218516916162,1.29057349621204,0.187465716814224,0.222716491852402,0.00870877750264751,0.0129221057026564,-2.15308759456974,1.59147592162015,0.184090642608441,0.226091566058185,0.0360543235265032,-0.102137039739181,0.193886682377797,3.21112478209071,NA,NA,NA,NA,NA,NA,NA,NA,NA,NA,NA,NA,NA,NA,NA,NA,NA,NA,NA,NA,NA,NA,NA,NA
"5","HA2.152.01","D01","5mM Sulfite/7.5mM Lactate",TRUE,"richards",FALSE,FALSE,0,0.0404449276159737,12.0711291593854,0.159045116378042,1.98413283768482,0.00208895627760119,0.171581551442748,0.000476347223689966,0.0370085945393197,0.0438812606926276,11.7888775072621,12.3533808115087,0.158261525195072,0.159828707561012,0.0363505733118753,0.044539281920072,11.7348293185576,12.4074290002132,0.15811147581961,0.159978756936475,0.0396095466199774,11.9727998445417,0.160011699644841,1.99673033092979,NA,NA,NA,NA,NA,NA,NA,NA,NA,NA,NA,NA,NA,NA,NA,NA,NA,NA,NA,NA,NA,NA,NA,NA
"6","HA2.152.01","D02","5mM Sulfite/7.5mM Lactate",TRUE,"richards",FALSE,FALSE,0,0.037030534571318,12.2435805036999,0.163962754042141,2.04652358193643,0.00374031932544576,0.394697197835947,0.000728881533729244,0.0308777092809597,0.0431833598616762,11.5943036132597,12.89285739414,0.162763743919157,0.165161764165126,0.0296995086934443,0.0443615604491917,11.4699739959414,13.0171870114583,0.162534146236032,0.16539136184825,0.0366591392253345,12.0718389483182,0.165022734683685,2.0671361078598,NA,NA,NA,NA,NA,NA,NA,NA,NA,NA,NA,NA,NA,NA,NA,NA,NA,NA,NA,NA,NA,NA,NA,NA
"7","HA2.152.01","D02","5mM Sulfite/7.5mM Lactate",TRUE,"richards",FALSE,FALSE,0,0.044503123339444,11.61524464214,0.182144871610707,2.38239880762173,0.00309568305851015,0.250928703611985,0.000612957735049754,0.0394107247081948,0.0495955219706932,11.2024669246983,12.0280223595817,0.18113655613655,0.183153187084863,0.0384355845447641,0.0505706621341239,11.1234243830605,12.1070649012195,0.180943474450009,0.183346268771404,0.0435451390732882,11.4598515961349,0.183746198612946,2.39972846120602,NA,NA,NA,NA,NA,NA,NA,NA,NA,NA,NA,NA,NA,NA,NA,NA,NA,NA,NA,NA,NA,NA,NA,NA
"8","HA2.152.01","D02","5mM Sulfite/7.5mM Lactate",FALSE,"gompertz.exp",FALSE,FALSE,0,0.0288361448004682,17.8883528178057,0.154524202642309,1.24007266762462,0.00216881937777174,0.21797836562182,0.0134056781037187,0.0252684369240336,0.0324038526769027,17.5297784063578,18.2469272292536,0.132471862161692,0.176576543122926,0.0245852588200355,0.0330870307809008,17.461115221187,18.3155904144245,0.12824907355902,0.180799331725597,0.038386507779901,17.9391677452598,0.182009384992186,1.25296376908651,NA,NA,NA,NA,NA,NA,NA,NA,NA,NA,NA,NA,NA,NA,NA,NA,NA,NA,NA,NA,NA,NA,NA,NA
"9","HA2.152.01","D02","5mM Sulfite/7.5mM Lactate",TRUE,"logistic",FALSE,FALSE,0,0.0234426360237712,14.2186942016098,0.163256883589343,1.25100974850244,0.00100419899148811,0.162897897560988,0.00275460747662041,0.0217907286827733,0.0250945433647691,13.950727160122,14.4866612430977,0.158725554290303,0.167788212888384,0.0214744060004545,0.0254108660470879,13.8994143223903,14.5379740808294,0.157857852935167,0.168655914243519,0.0418705913717552,16.5505607565449,0.155040509383956,1.30474751949802,NA,NA,NA,NA,NA,NA,NA,NA,NA,NA,NA,NA,NA,NA,NA,NA,NA,NA,NA,NA,NA,NA,NA,NA
"10","HA2.152.01","D02","5mM Sulfite/7.5mM Lactate",FALSE,"logistic",FALSE,FALSE,0,0.0229148856591177,8.47606010139672,0.110026801842334,1.59149721107765,0.0137624893021638,1.76267727982436,0.00970702628114611,0.000275590757058183,0.0455541805611771,5.57645597608564,11.3756642267078,0.0940587436098487,0.125994860074819,-0.00405959337312341,0.0498893646913587,5.02121263294097,11.9309075698525,0.0910010303312877,0.12905257335338,0.015226200630276,7.04697186542932,0.114316428118257,1.81737903284069,NA,NA,NA,NA,NA,NA,NA,NA,NA,NA,NA,NA,NA,NA,NA,NA,NA,NA,NA,NA,NA,NA,NA,NA
"11","HA2.152.01","D03","5mM Sulfite/7.5mM Lactate",TRUE,"richards",FALSE,FALSE,0,0.0469421295342295,10.1634594244692,0.185460883913096,2.72503745861664,0.00466868655715612,0.361553491269471,0.000556074270968475,0.0392621401477076,0.0546221189207513,9.5687039313309,10.7582149176075,0.184546141737353,0.18637562608884,0.0377915038822035,0.0560927551862554,9.45481458158102,10.8721042673573,0.184370978341998,0.186550789484195,0.0444750662283848,9.90388967652816,0.188943642081028,2.73676676862847,NA,NA,NA,NA,NA,NA,NA,NA,NA,NA,NA,NA,NA,NA,NA,NA,NA,NA,NA,NA,NA,NA,NA,NA
"12","HA2.152.01","D03","5mM Sulfite/7.5mM Lactate",TRUE,"richards",FALSE,FALSE,0,0.0405429804452351,12.3562388578458,0.174591916869321,2.1346294809854,0.00372787512537854,0.333452184199769,0.000823466352011571,0.0344106258639874,0.0466753350264828,11.8077100148372,12.9047677008544,0.173237314720262,0.17594651901838,0.0332363451994931,0.047849615690977,11.7026725768142,13.0098051388773,0.172977922819378,0.176205910919263,0.0409601242010521,12.2768834299303,0.176389292647074,2.16097013143887,NA,NA,NA,NA,NA,NA,NA,NA,NA,NA,NA,NA,NA,NA,NA,NA,NA,NA,NA,NA,NA,NA,NA,NA
"13","HA2.152.01","D03","5mM Sulfite/7.5mM Lactate",TRUE,"richards",FALSE,FALSE,0,0.0456140020384808,10.7220917080146,0.173033413671803,2.45068144508178,0.00549726422460801,0.417182304264165,0.00055492305172379,0.0365710023890006,0.0546570016879609,10.0358268175,11.4083565985291,0.172120565251717,0.173946262091888,0.0348393641582491,0.0563886399187125,9.90441439165683,11.5397690243724,0.171945764490424,0.174121062853181,0.043721809230167,10.5217674639722,0.176195986686478,2.46433731844638,NA,NA,NA,NA,NA,NA,NA,NA,NA,NA,NA,NA,NA,NA,NA,NA,NA,NA,NA,NA,NA,NA,NA,NA
"14","HA2.152.01","D03","5mM Sulfite/7.5mM Lactate",FALSE,"gompertz.exp",FALSE,FALSE,0,0.0215502268306817,20.0142274902787,0.0725153136213391,1.3815958843768,0.00220495947211811,0.200684212401542,0.00644270564370903,0.0179230684990474,0.025177385162316,19.6841019608781,20.3443530196792,0.0619170628374378,0.0831135644052405,0.0172285062653302,0.0258719473960332,19.6208864339716,20.4075685465857,0.0598876105596694,0.0851430166830088,0.0302157146658286,17.9784929589337,0.175430154832456,1.38349992433508,NA,NA,NA,NA,NA,NA,NA,NA,NA,NA,NA,NA,NA,NA,NA,NA,NA,NA,NA,NA,NA,NA,NA,NA
"15","HA2.152.01","D03","5mM Sulfite/7.5mM Lactate",TRUE,"gompertz.exp",FALSE,FALSE,0,0.0261150217993462,16.1404503630899,0.117857635113744,1.31259373210343,0.00182673288564996,0.222872753812004,0.00982476872895496,0.023110046202452,0.0291199973962404,15.7738246830691,16.5070760431106,0.101695890554613,0.134019379672875,0.0225346253434723,0.0296954182552201,15.7036197656184,16.5772809605614,0.0986010884049927,0.137114181822496,0.0357180476156724,16.4724362887158,0.154090908320465,1.3172069049271,NA,NA,NA,NA,NA,NA,NA,NA,NA,NA,NA,NA,NA,NA,NA,NA,NA,NA,NA,NA,NA,NA,NA,NA
"16","HA2.152.01","D01","15mM Sulfate / 30mM Lactate",TRUE,"richards",FALSE,FALSE,0,0.0663126462599635,13.4683062161944,0.470243527634985,14.016054116227,0.00270104001569439,0.229075061054417,0.00125276831151319,0.0618694354341462,0.0707558570857808,13.0914777407599,13.8451346916289,0.468182723762545,0.472304331507424,0.0610186078292025,0.0716066846907245,13.0193190965278,13.9172933358611,0.467788101744419,0.47269895352555,0.0606149454733831,12.9802596336144,0.494225957161093,14.0694862584007,NA,NA,NA,NA,NA,NA,NA,NA,NA,NA,NA,NA,NA,NA,NA,NA,NA,NA,NA,NA,NA,NA,NA,NA
"17","HA2.152.01","D01","15mM Sulfate / 30mM Lactate",TRUE,"richards",FALSE,FALSE,0,0.0554498090368479,12.5731165129886,0.451895534764368,13.5369893479093,0.00135414858504943,0.150192239152633,0.00092538004259292,0.0532222346144416,0.0576773834592542,12.3260502795825,12.8201827463947,0.450373284594303,0.453417784934434,0.052795677810151,0.0581039402635448,12.2787397242494,12.8674933017277,0.450081789880886,0.45370927964785,0.0559921772182604,12.591352861456,0.469297273348647,13.5677356018414,NA,NA,NA,NA,NA,NA,NA,NA,NA,NA,NA,NA,NA,NA,NA,NA,NA,NA,NA,NA,NA,NA,NA,NA
"18","HA2.152.01","D01","15mM Sulfate / 30mM Lactate",TRUE,"richards",FALSE,FALSE,0,0.0639938735787489,13.3596004933723,0.467654164510632,13.8532276362354,0.00246933489475911,0.216733244539077,0.00133049558187633,0.0599318176768701,0.0680559294806276,13.0030743061056,13.7161266806391,0.465465499278445,0.469842829742818,0.059153977185021,0.0688337699724767,12.9348033340757,13.7843976526689,0.465046393170154,0.470261935851109,0.0620851294267189,13.201236183185,0.494895440974466,13.8915678188445,NA,NA,NA,NA,NA,NA,NA,NA,NA,NA,NA,NA,NA,NA,NA,NA,NA,NA,NA,NA,NA,NA,NA,NA
"19","HA2.152.01","D01","15mM Sulfate / 30mM Lactate",TRUE,"richards",FALSE,FALSE,0,0.0630083927768711,13.2951912939339,0.45165579995015,13.5083118635044,0.00242718511374797,0.218445025224989,0.00119509201281592,0.0590156732647557,0.0670011122889865,12.9358492274388,13.654533360429,0.449689873589068,0.453621726311233,0.0582511099539251,0.0677656755998171,12.8670390444929,13.7233435433749,0.449313419605031,0.45399818029527,0.0573969624970839,12.7850682196016,0.475606855047025,13.5595548287773,NA,NA,NA,NA,NA,NA,NA,NA,NA,NA,NA,NA,NA,NA,NA,NA,NA,NA,NA,NA,NA,NA,NA,NA
"20","HA2.152.01","D01","15mM Sulfate / 30mM Lactate",TRUE,"logistic",FALSE,FALSE,0,0.0490047717482308,11.6271546678365,0.459537448876481,13.3379608210958,0.00163972563450841,0.176524213181927,0.00235789496382525,0.0463074230794645,0.0517021204169971,11.3367723371522,11.9175369985207,0.455658711660989,0.463416186091974,0.0457909095045943,0.0522186339918673,11.2811672099999,11.973142125673,0.454915974747384,0.464158923005579,0.0610949095020477,13.257239398924,0.480162162476768,13.5669743508919,NA,NA,NA,NA,NA,NA,NA,NA,NA,NA,NA,NA,NA,NA,NA,NA,NA,NA,NA,NA,NA,NA,NA,NA
"21","HA2.152.01","D02","15mM Sulfate / 30mM Lactate",TRUE,"richards",FALSE,FALSE,0,0.0595663322209608,12.7097353910902,0.448841752066358,13.5618963328566,0.00211497901844742,0.208746107225312,0.00125166142176144,0.0560871917356148,0.0630454727063069,12.3663480447046,13.0531227374759,0.44678276902756,0.450900735105155,0.0554209733448039,0.0637116910971178,12.3005930209286,13.1188777612519,0.446388495679706,0.45129500845301,0.0543672383050721,12.219900267707,0.474782479874851,13.6120354442699,NA,NA,NA,NA,NA,NA,NA,NA,NA,NA,NA,NA,NA,NA,NA,NA,NA,NA,NA,NA,NA,NA,NA,NA
"22","HA2.152.01","D02","15mM Sulfate / 30mM Lactate",TRUE,"richards",FALSE,FALSE,0,0.0594530700337364,12.5746144676185,0.466010979775575,13.9852148828091,0.00185233378116877,0.18433539268353,0.00127500855046227,0.0564059809637137,0.062500159103759,12.2713827466541,12.8778461885829,0.463913590710064,0.468108368841085,0.0558224958226456,0.0630836442448272,12.2133170979588,12.9359118372783,0.463511963016669,0.468509996534481,0.0612292976074518,12.8024261037402,0.490728825495507,14.0275647063647,NA,NA,NA,NA,NA,NA,NA,NA,NA,NA,NA,NA,NA,NA,NA,NA,NA,NA,NA,NA,NA,NA,NA,NA
"23","HA2.152.01","D02","15mM Sulfate / 30mM Lactate",TRUE,"richards",FALSE,FALSE,0,0.0622257950633576,12.1660877941685,0.479237416362696,14.5035824045275,0.0020235597128381,0.18471904802468,0.00154286952311633,0.0588970393357389,0.0655545507909763,11.8622249601679,12.4699506281691,0.476699395997169,0.481775436728222,0.0582596180261949,0.0661919721005203,11.8040384600401,12.5281371282968,0.476213392097388,0.482261440628004,0.0625810220653636,12.2226403020591,0.511383397084613,14.554588387903,NA,NA,NA,NA,NA,NA,NA,NA,NA,NA,NA,NA,NA,NA,NA,NA,NA,NA,NA,NA,NA,NA,NA,NA
"24","HA2.152.01","D02","15mM Sulfate / 30mM Lactate",TRUE,"richards",FALSE,FALSE,0,0.0628011805830918,13.06285394397,0.447509314924777,13.4259605704868,0.00232465886232636,0.205903549250215,0.00127987963173608,0.0589771167545649,0.0666252444116186,12.7241426054534,13.4015652824866,0.445403912930571,0.449614716918983,0.0582448492129321,0.0673575119532514,12.6592829874396,13.4664249005004,0.445000750846574,0.45001787900298,0.0601644983830396,12.8529600010133,0.472413759922033,13.470640401626,NA,NA,NA,NA,NA,NA,NA,NA,NA,NA,NA,NA,NA,NA,NA,NA,NA,NA,NA,NA,NA,NA,NA,NA
"25","HA2.152.01","D02","15mM Sulfate / 30mM Lactate",TRUE,"richards",FALSE,FALSE,0,0.0680599963279847,12.89036412016,0.460281731227645,14.0971606122024,0.00333036394391676,0.271277975690156,0.00145462631957331,0.0625815476402417,0.0735384450157278,12.4441118501497,13.3366163901703,0.457888870931947,0.462674591523343,0.0615324829979079,0.0745875096580616,12.3586592878073,13.4220689525127,0.457430663641281,0.463132798814009,0.0597952603528431,12.2018309299904,0.490327011634714,14.1539592085462,NA,NA,NA,NA,NA,NA,NA,NA,NA,NA,NA,NA,NA,NA,NA,NA,NA,NA,NA,NA,NA,NA,NA,NA
"26","HA2.152.01","D03","15mM Sulfate / 30mM Lactate",TRUE,"richards",FALSE,FALSE,0,0.0557368300189825,12.4195727727901,0.432863634854636,13.0612191109476,0.00178740489610242,0.188203905897463,0.00125064248225607,0.052796548964894,0.058677111073071,12.1099773475888,12.7291681979915,0.430806327971325,0.434920941737947,0.0522335164226218,0.0592401436153432,12.0506931172311,12.7884524283492,0.430412375589414,0.435314894119858,0.0568673365320245,12.5762980568047,0.457559561212874,13.1039490013379,NA,NA,NA,NA,NA,NA,NA,NA,NA,NA,NA,NA,NA,NA,NA,NA,NA,NA,NA,NA,NA,NA,NA,NA
"27","HA2.152.01","D03","15mM Sulfate / 30mM Lactate",TRUE,"richards",FALSE,FALSE,0,0.0529318141147327,12.2583959963862,0.423538145518543,12.7188360210946,0.00125119691283955,0.138718018591473,0.000996352508610304,0.0508735951931116,0.0549900330363538,12.0302048558032,12.4865871369692,0.421899145641879,0.425177145395207,0.0504794681655672,0.0553841600638982,11.9865086799469,12.5302833128255,0.421585294601666,0.425490996435419,0.0681115500984072,13.1176008944052,0.437711227223278,12.746650006029,NA,NA,NA,NA,NA,NA,NA,NA,NA,NA,NA,NA,NA,NA,NA,NA,NA,NA,NA,NA,NA,NA,NA,NA
"28","HA2.152.01","D03","15mM Sulfate / 30mM Lactate",TRUE,"richards",FALSE,FALSE,0,0.0568548748665963,12.7404952412838,0.430442492461431,12.9419193952154,0.00180659826327976,0.184914088157404,0.00112613913966036,0.0538830207235011,0.0598267290096915,12.4363115662648,13.0446789163027,0.42858999357669,0.432294991346173,0.053313942270568,0.0603958074626246,12.3780636284952,13.1029268540723,0.428235259747697,0.432649725175166,0.0585191333620484,12.9163728642047,0.452298961281216,12.9699665473051,NA,NA,NA,NA,NA,NA,NA,NA,NA,NA,NA,NA,NA,NA,NA,NA,NA,NA,NA,NA,NA,NA,NA,NA
"29","HA2.152.01","D03","15mM Sulfate / 30mM Lactate",TRUE,"logistic",FALSE,FALSE,0,0.0517572212464782,11.1935966441532,0.478442969774077,14.1259282737757,0.00183450390478745,0.185603666143643,0.00258614496149281,0.0487394623231029,0.0547749801698536,10.8882786133469,11.4989146749595,0.474188761312421,0.482697178235733,0.0481615935930948,0.0553528488998616,10.8298134585117,11.5573798297947,0.473374125649551,0.483511813898603,0.057524199987124,12.2273107362397,0.504505483158652,14.3703041319748,NA,NA,NA,NA,NA,NA,NA,NA,NA,NA,NA,NA,NA,NA,NA,NA,NA,NA,NA,NA,NA,NA,NA,NA
"30","HA2.152.01","D03","15mM Sulfate / 30mM Lactate",TRUE,"logistic",FALSE,FALSE,0,0.0502653694597912,11.2135506761657,0.455993713195153,13.4934207477857,0.00163325366896651,0.167289334549921,0.00223571905694026,0.0475786671743413,0.0529520717452411,10.9383597208311,11.4887416315004,0.452315955346486,0.45967147104382,0.0470641922686168,0.0534665466509655,10.8856635804479,11.5414377718836,0.45161170384355,0.460375722546756,0.0567626732414861,12.3018535928633,0.476543713121486,13.7074102523233,NA,NA,NA,NA,NA,NA,NA,NA,NA,NA,NA,NA,NA,NA,NA,NA,NA,NA,NA,NA,NA,NA,NA,NA
"31","HA2.152.01","M01","",TRUE,"logistic",FALSE,FALSE,0,0.0406894618675742,9.90630652177764,0.421869295437832,24.1503808276884,0.00217068173953913,0.315763443308239,0.0024014375315116,0.0371186904060324,0.0442602333291161,9.38687565753559,10.4257373860197,0.417918930698496,0.425819660177169,0.0364349256580775,0.0449439980770709,9.28741017289349,10.5252028706618,0.417162477876069,0.426576112999595,0.099597322997806,14.4782661791955,0.427512887776247,24.6677538243405,NA,NA,NA,NA,NA,NA,NA,NA,NA,NA,NA,NA,NA,NA,NA,NA,NA,NA,NA,NA,NA,NA,NA,NA
"32","HA2.152.01","M01","",TRUE,"logistic",FALSE,FALSE,0,0.0352986023358069,13.2955291389226,0.37845142681126,20.31728945429,0.00228182525480954,0.395329941117062,0.00276669358136902,0.0315449997916452,0.0390522048799686,12.645211385785,13.9458468920601,0.373900215869908,0.383002637752612,0.0308262248363802,0.0397709798352336,12.5206824543331,14.070375823512,0.373028707391777,0.383874146230743,0.0875348795501537,18.2245596129803,0.39709447996217,21.0271021715337,NA,NA,NA,NA,NA,NA,NA,NA,NA,NA,NA,NA,NA,NA,NA,NA,NA,NA,NA,NA,NA,NA,NA,NA
"33","HA2.152.01","M01","",TRUE,"logistic",FALSE,FALSE,0,0.0468235987066692,11.0490848266618,0.417730750505139,23.7405596474374,0.00281244592456344,0.306261309507348,0.00246497525633475,0.0421971251607623,0.0514500722525761,10.5452849725222,11.5528846808014,0.413675866208469,0.42178563480181,0.0413112046945249,0.0523359927188136,10.4488126600274,11.6493569932962,0.412899399002723,0.422562102007555,0.0993935224596417,14.779423739315,0.437327488474811,24.3387078941896,NA,NA,NA,NA,NA,NA,NA,NA,NA,NA,NA,NA,NA,NA,NA,NA,NA,NA,NA,NA,NA,NA,NA,NA
"34","HA2.152.01","M02","",TRUE,"logistic",FALSE,FALSE,0,0.031722257354251,7.62598356253402,0.363428951892753,21.4288290100356,0.00169490242857931,0.34919343493602,0.00215491683956195,0.028934142859238,0.034510371849264,7.05156036206427,8.20040676300378,0.359884113691674,0.366973790093833,0.0284002485942356,0.0350442661142664,6.94156443005943,8.31040269500862,0.359205314887212,0.367652588898294,0.0842686181719783,12.9806271743082,0.372154024423493,21.7898442611639,NA,NA,NA,NA,NA,NA,NA,NA,NA,NA,NA,NA,NA,NA,NA,NA,NA,NA,NA,NA,NA,NA,NA,NA
"35","HA2.152.01","M02","",TRUE,"logistic",FALSE,FALSE,0,0.0530952545196515,10.518635439558,0.438143568200474,25.2798944869107,0.00288041702119054,0.256015589677562,0.00221454262012474,0.0483569685197931,0.0578335405195099,10.0974897945385,10.9397810845776,0.434500645590369,0.441786490810579,0.047449637158118,0.058740871881185,10.01684488379,11.0204259953261,0.433803064665029,0.442484071735918,0.103649551601827,13.7073519770306,0.454214046274549,25.8138561265804,NA,NA,NA,NA,NA,NA,NA,NA,NA,NA,NA,NA,NA,NA,NA,NA,NA,NA,NA,NA,NA,NA,NA,NA
"36","HA2.152.01","M02","",FALSE,"gompertz.exp",FALSE,FALSE,0,NA,NA,NA,NA,NA,NA,NA,NA,NA,NA,NA,NA,NA,NA,NA,NA,NA,NA,NA,0.000602659995429865,-632.820572297621,0.393516938728628,28.3777473209393,NA,NA,NA,NA,NA,NA,NA,NA,NA,NA,NA,NA,NA,NA,NA,NA,NA,NA,NA,NA,NA,NA,NA,NA
"37","HA2.152.01","M03","",TRUE,"logistic",FALSE,FALSE,0,0.0422611143190156,8.7226776611856,0.431635248743457,25.2521031384214,0.0022307067416384,0.307856268101347,0.00237852644794303,0.0385916017290204,0.0459306269090107,8.21625410015889,9.22910122221232,0.427722572736591,0.435547924750323,0.0378889291054043,0.0466332995326268,8.11927937570696,9.32607594666424,0.426973336905489,0.436297160581425,0.104365250175612,13.326620331259,0.441567295252637,25.7245339980073,NA,NA,NA,NA,NA,NA,NA,NA,NA,NA,NA,NA,NA,NA,NA,NA,NA,NA,NA,NA,NA,NA,NA,NA
"38","HA2.152.01","M03","",TRUE,"logistic",FALSE,FALSE,0,0.0427186467520449,8.86934909425446,0.422447264686027,24.7220304696856,0.00227012826683687,0.300175368432799,0.00230010870095764,0.0389842857530983,0.0464530077509916,8.37556061318251,9.36313757532642,0.418663585872952,0.426230943499102,0.0382691953490447,0.0471680981550452,8.28100537212618,9.45769281638275,0.41793905163215,0.426955477739904,0.0966861884064718,13.0645781413172,0.431466013465793,25.1884327875442,NA,NA,NA,NA,NA,NA,NA,NA,NA,NA,NA,NA,NA,NA,NA,NA,NA,NA,NA,NA,NA,NA,NA,NA
"39","HA2.152.01","M03","",FALSE,"richards",FALSE,FALSE,0,0.0415570406459542,10.572560547317,0.394613317789844,23.3172075744533,0.00354388557643906,0.663670233489882,0.00148315063730473,0.035727348872712,0.0473867324191965,9.48082301322613,11.6642980814078,0.392173534991478,0.39705310058821,0.0346110249161336,0.0485030563757748,9.27176688967681,11.8733542049572,0.391706342540727,0.397520293038961,0.0760723289710401,13.162040239513,0.412774914467937,23.4281326465088,NA,NA,NA,NA,NA,NA,NA,NA,NA,NA,NA,NA,NA,NA,NA,NA,NA,NA,NA,NA,NA,NA,NA,NA
"40","HA2.152.01","M01","",TRUE,"logistic",FALSE,FALSE,0,0.0653491623947558,32.1520040181093,0.324481107926097,25.7567085575692,0.00321614502986069,0.140201306993802,0.000949610979748081,0.060058603820635,0.0706397209688766,31.9213728681045,32.3826351681141,0.322918997864411,0.326043217987783,0.0590455181362288,0.0716528066532827,31.8772094564014,32.4267985798171,0.322619870405791,0.326342345446403,0.0838419070688958,33.195779924155,0.338042749348572,26.1690733182733,NA,NA,NA,NA,NA,NA,NA,NA,NA,NA,NA,NA,NA,NA,NA,NA,NA,NA,NA,NA,NA,NA,NA,NA
"41","HA2.152.01","M01","",TRUE,"logistic",FALSE,FALSE,0,0.109803687906264,33.1327450921436,0.343415090864546,27.058464543062,0.0077465697716894,0.126678941337661,0.00112867996096971,0.0970605806318347,0.122546795180693,32.9243582336431,33.341131950644,0.341558412328751,0.345271769400341,0.0946204111537525,0.124986964658775,32.8844543671218,33.3810358171654,0.341202878141046,0.345627303588047,0.109719207068951,33.3516900085474,0.366877006941996,26.8936233118077,NA,NA,NA,NA,NA,NA,NA,NA,NA,NA,NA,NA,NA,NA,NA,NA,NA,NA,NA,NA,NA,NA,NA,NA
"42","HA2.152.01","M01","",TRUE,"logistic",FALSE,FALSE,0,0.0629012137021106,31.4300712597908,0.338612544102053,27.0521214928808,0.00256101979646754,0.125726358499477,0.00085266309175146,0.0586883361369215,0.0671140912672997,31.2232514000592,31.6368911195224,0.337209913316122,0.340015174887984,0.0578816149010342,0.067920812503187,31.1836475971318,31.6764949224498,0.33694132444222,0.340283763761886,0.0928547785175318,32.9051120650101,0.349443693573798,27.5310095800035,NA,NA,NA,NA,NA,NA,NA,NA,NA,NA,NA,NA,NA,NA,NA,NA,NA,NA,NA,NA,NA,NA,NA,NA
"43","HA2.152.01","M02","",TRUE,"richards",FALSE,FALSE,0,0.107020383701602,29.8712441222216,0.350200462890443,29.3640781589459,0.0324949366774488,0.923437963584301,0.000552397716837714,0.0535662128671985,0.160474554536005,28.3521886721254,31.3902995723178,0.349291768646245,0.351109157134641,0.0433303078138021,0.170710459589401,28.0613057135964,31.6811825308468,0.349117763365442,0.351283162415445,0.0965793334581347,29.4542910674313,0.364900121198488,29.6003614774056,NA,NA,NA,NA,NA,NA,NA,NA,NA,NA,NA,NA,NA,NA,NA,NA,NA,NA,NA,NA,NA,NA,NA,NA
"44","HA2.152.01","M02","",TRUE,"logistic",FALSE,FALSE,0,0.102058034248067,27.7835665533013,0.465740546614108,39.0978017297982,0.0115125511541565,0.29543150907367,0.0029023258340508,0.0831198875994798,0.120996180896655,27.2975817208751,28.2695513857275,0.460966220617094,0.470514872611121,0.0794934339859205,0.124622634510214,27.2045207955169,28.3626123110857,0.460051987979368,0.471429105248847,0.131971355946876,28.8880374862249,0.515602215170107,39.6808377969512,NA,NA,NA,NA,NA,NA,NA,NA,NA,NA,NA,NA,NA,NA,NA,NA,NA,NA,NA,NA,NA,NA,NA,NA
"45","HA2.152.01","M02","",TRUE,"logistic",FALSE,FALSE,0,0.0484210903230937,28.2228563656449,0.247437900757701,20.5954657459432,0.00197167093764861,0.119386382050443,0.00059329774966852,0.0451776916306617,0.0516644890155257,28.0264657671719,28.4192469641178,0.246461925959496,0.248413875555906,0.0445566152853024,0.052285565360885,27.988859056826,28.4568536744637,0.246275037168351,0.248600764347051,0.069271208772545,29.5810501292835,0.256360708536105,20.8860859434163,NA,NA,NA,NA,NA,NA,NA,NA,NA,NA,NA,NA,NA,NA,NA,NA,NA,NA,NA,NA,NA,NA,NA,NA
"46","HA2.152.01","M03","",TRUE,"logistic",FALSE,FALSE,0,0.0710428403782176,28.0072458058038,0.331254584838359,27.7174592000398,0.00261453599538869,0.0984758633995053,0.000682255987085658,0.0667419286658032,0.075343752090632,27.8452530105117,28.169238601096,0.330132273739603,0.332376895937115,0.0659183498272558,0.0761673309291794,27.8142331135408,28.2002584980669,0.329917363103671,0.332591806573047,0.0889006238538143,28.8976014248569,0.345255258230362,27.9279746935679,NA,NA,NA,NA,NA,NA,NA,NA,NA,NA,NA,NA,NA,NA,NA,NA,NA,NA,NA,NA,NA,NA,NA,NA
"47","HA2.152.01","M03","",TRUE,"logistic",FALSE,FALSE,0,0.0686354406057266,30.4931270791723,0.336159100549238,27.2526865464287,0.00309243151265938,0.126615900390349,0.000884317741308462,0.0635483907674019,0.0737224904440513,30.2848439230302,30.7014102353144,0.334704397864785,0.33761380323369,0.0625742748409142,0.074696606370539,30.2449599144072,30.7412942439374,0.334425837776273,0.337892363322202,0.0916961623586329,31.6012209970118,0.358718748412672,27.4373692727554,NA,NA,NA,NA,NA,NA,NA,NA,NA,NA,NA,NA,NA,NA,NA,NA,NA,NA,NA,NA,NA,NA,NA,NA
"48","HA2.152.01","M03","",TRUE,"logistic",FALSE,FALSE,0,0.061144170988344,28.3382233410492,0.311332113436708,25.8806331831479,0.00270741117992989,0.129358103293634,0.00081077108093461,0.0566904795973593,0.0655978623793287,28.1254292611312,28.5510174209672,0.309998395008571,0.312665831864846,0.0558376450756814,0.0664506969010066,28.0846814585937,28.5917652235047,0.309743002118076,0.31292122475534,0.0865936565468649,29.664603844065,0.324786230908519,26.2534922071952,NA,NA,NA,NA,NA,NA,NA,NA,NA,NA,NA,NA,NA,NA,NA,NA,NA,NA,NA,NA,NA,NA,NA,NA
"49","HA2.152.01","1","CCMA",FALSE,"richards",FALSE,FALSE,0,0.0401209139979149,23.1939565073426,0.513422160102042,17.7690228181584,0.00124417341079639,0.302999984688276,0.00151457454662431,0.0380742487371549,0.042167579258675,22.6955215325304,23.6923914821548,0.510930684972845,0.515913635231239,0.037682334112754,0.0425594938830759,22.6000765373536,23.7878364773316,0.510453593990659,0.516390726213426,0.0787721957966096,28.2040802642053,0.530069863841422,17.6747448746394,NA,NA,NA,NA,NA,NA,NA,NA,NA,NA,NA,NA,NA,NA,NA,NA,NA,NA,NA,NA,NA,NA,NA,NA
"50","HA2.152.01","2","CCMA",TRUE,"richards",FALSE,FALSE,0,0.0405236730717097,22.7689084993397,0.529524359999643,18.6933590023114,0.00127414058300531,0.321922389739043,0.00141878853663581,0.038427711812666,0.0426196343307534,22.239346168219,23.2984708304604,0.527190452856877,0.531858267142409,0.0380263575290193,0.0430209886144001,22.1379406154512,23.3998763832282,0.526743534467837,0.532305185531449,0.554640779413622,60.885029680475,0.624480863227157,18.6345759761192,NA,NA,NA,NA,NA,NA,NA,NA,NA,NA,NA,NA,NA,NA,NA,NA,NA,NA,NA,NA,NA,NA,NA,NA
"51","HA2.152.01","3","CCMA",TRUE,"richards",FALSE,FALSE,0,0.0364157767513307,22.4724361949953,0.481410232850418,16.837867823539,0.00301733563043716,0.822504667691807,0.00407388228406055,0.0314522596392615,0.0413792938633998,21.1194160166423,23.8254563733484,0.474708696493138,0.488111769207698,0.0305017989156738,0.0423297545869875,20.8603270463194,24.0845453436713,0.473425423573659,0.489395042127177,0.120921515984771,57.3339104003182,0.500111691782146,16.8653954736158,NA,NA,NA,NA,NA,NA,NA,NA,NA,NA,NA,NA,NA,NA,NA,NA,NA,NA,NA,NA,NA,NA,NA,NA
"52","HA2.152.01","4","CCMA",TRUE,"richards",FALSE,FALSE,0,0.0387694135601579,22.8292535585328,0.500346808471142,17.5934460763423,0.0038633394962391,0.999365506292451,0.00440445831725926,0.0324142200888446,0.0451246070314712,21.1852973006817,24.4732098163839,0.49310147453925,0.507592142403033,0.0311972681475293,0.0463415589727865,20.8704971661996,24.788009950866,0.491714070169314,0.50897954677297,0.125221588708613,57.3064509928833,0.518431712455327,17.5921249360984,NA,NA,NA,NA,NA,NA,NA,NA,NA,NA,NA,NA,NA,NA,NA,NA,NA,NA,NA,NA,NA,NA,NA,NA
"53","HA2.152.01","5","CCMA",FALSE,"gompertz.exp",FALSE,FALSE,0,NA,NA,NA,NA,NA,NA,NA,NA,NA,NA,NA,NA,NA,NA,NA,NA,NA,NA,NA,1.11774663076141e-17,-447328568245738,0.005,0.31005443335,NA,NA,NA,NA,NA,NA,NA,NA,NA,NA,NA,NA,NA,NA,NA,NA,NA,NA,NA,NA,NA,NA,NA,NA
"54","HA2.152.02","D01","5mM Sulfite/ 7.5mM Lactate",TRUE,"richards",FALSE,FALSE,0,0.0335141978144158,10.8136451328111,0.167300832753795,2.69258019865917,0.00120502213878395,0.148907867976823,0.000296767068303463,0.0315319363961162,0.0354964592327154,10.5686916899892,11.058598575633,0.166812650926436,0.167789014581154,0.0311523544223992,0.0358760412064323,10.5217857115765,11.1055045540457,0.16671916929992,0.16788249620767,0.0346936981390185,10.9252122519685,0.17003645202955,2.69881871286317,NA,NA,NA,NA,NA,NA,NA,NA,NA,NA,NA,NA,NA,NA,NA,NA,NA,NA,NA,NA,NA,NA,NA,NA
"55","HA2.152.02","D01","5mM Sulfite/ 7.5mM Lactate",TRUE,"richards",FALSE,FALSE,0,0.0330050135604569,12.3743483184624,0.170237814943729,2.50117433282403,0.00509159219543176,0.704556201904518,0.00148820659642901,0.0246293443989717,0.0413806827219421,11.2153533663295,13.5333432705954,0.167789715092604,0.172685914794855,0.0230254928574107,0.0429845342635032,10.9934181627296,13.7552784741953,0.167320930014729,0.17315469987273,0.0280317881306151,11.5532177999968,0.174005469009637,2.52755736886512,NA,NA,NA,NA,NA,NA,NA,NA,NA,NA,NA,NA,NA,NA,NA,NA,NA,NA,NA,NA,NA,NA,NA,NA
"56","HA2.152.02","D01","5mM Sulfite/ 7.5mM Lactate",FALSE,"gompertz.exp",FALSE,FALSE,0,NA,NA,NA,NA,NA,NA,NA,NA,NA,NA,NA,NA,NA,NA,NA,NA,NA,NA,NA,0.00458561140927158,-1.24024748819351,0.00813139146549129,0.205597990614672,NA,NA,NA,NA,NA,NA,NA,NA,NA,NA,NA,NA,NA,NA,NA,NA,NA,NA,NA,NA,NA,NA,NA,NA
"57","HA2.152.02","D01","5mM Sulfite/ 7.5mM Lactate",TRUE,"richards",FALSE,FALSE,0,0.0301737306034196,11.6267730872059,0.155600427354309,2.3991069220951,0.00225343180083251,0.329375451647846,0.000463850814410368,0.0264668352910501,0.033880625915789,11.0849504692452,12.1685957051666,0.154837392764604,0.156363461944014,0.0257570042737878,0.0345904569330513,10.9811972019761,12.2723489724357,0.154691279758064,0.156509574950553,0.0296068651362089,11.4513516945788,0.158041414032227,2.41478588733463,NA,NA,NA,NA,NA,NA,NA,NA,NA,NA,NA,NA,NA,NA,NA,NA,NA,NA,NA,NA,NA,NA,NA,NA
"58","HA2.152.02","D01","5mM Sulfite/ 7.5mM Lactate",TRUE,"logistic",FALSE,FALSE,0,0.0208543095130987,9.64347286451408,0.158301198258886,2.30634341150052,0.000993650775474557,0.195890774932568,0.0016379935190997,0.0192197539874431,0.0224888650387544,9.32123253975001,9.96571318927815,0.155606698919967,0.160995697597805,0.0189067539931686,0.0228018650330289,9.25952694564625,10.0274187833819,0.15509073096145,0.161511665556321,0.0350649515142676,12.0982549942823,0.155029576557651,2.38189300919617,NA,NA,NA,NA,NA,NA,NA,NA,NA,NA,NA,NA,NA,NA,NA,NA,NA,NA,NA,NA,NA,NA,NA,NA
"59","HA2.152.02","D02","5mM Sulfite/ 7.5mM Lactate",TRUE,"gompertz.exp",FALSE,FALSE,0,0.0232971100066541,12.3218379220298,0.14803926214051,2.34827777183388,0.00139092339542999,0.27722323084706,0.0122054876175656,0.0210090410211718,0.0255851789921365,11.8658057072864,12.7778701367733,0.127961235009615,0.168117289271406,0.0205709001516113,0.0260233198616969,11.7784803895696,12.8651954544901,0.124116506410082,0.171962017870939,0.0341836216306011,13.6067465324294,0.173067722952913,2.33602741962704,NA,NA,NA,NA,NA,NA,NA,NA,NA,NA,NA,NA,NA,NA,NA,NA,NA,NA,NA,NA,NA,NA,NA,NA
"60","HA2.152.02","D02","5mM Sulfite/ 7.5mM Lactate",TRUE,"richards",FALSE,FALSE,0,0.0384192946234786,14.7050004891793,0.174604112214453,2.05701576389936,0.00139630395700246,0.122084825291723,0.000638673125217841,0.0361223746142095,0.0407162146327476,14.5041709515744,14.9058300267841,0.17355349492347,0.175654729505436,0.0356825388677537,0.0411560503792034,14.4657142316075,14.944286746751,0.173352312889026,0.17585591153988,0.0410836881589364,15.0071062621487,0.177999999999998,2.08143566122687,NA,NA,NA,NA,NA,NA,NA,NA,NA,NA,NA,NA,NA,NA,NA,NA,NA,NA,NA,NA,NA,NA,NA,NA
"61","HA2.152.02","D02","5mM Sulfite/ 7.5mM Lactate",TRUE,"richards",FALSE,FALSE,0,0.0326069429568932,12.75325097941,0.157184273667657,2.26988263405347,0.00211062709476512,0.278965529956088,0.000517816223090641,0.0291349613860046,0.0360789245277818,12.2943526826322,13.2121492761877,0.156332465980673,0.158036081354642,0.0284701138511535,0.0367437720626328,12.2064785406961,13.3000234181239,0.1561693538704,0.158199193464915,0.0382012501631231,13.3368041137479,0.167770333217465,2.28789317958099,NA,NA,NA,NA,NA,NA,NA,NA,NA,NA,NA,NA,NA,NA,NA,NA,NA,NA,NA,NA,NA,NA,NA,NA
"62","HA2.152.02","D02","5mM Sulfite/ 7.5mM Lactate",FALSE,"gompertz.exp",FALSE,FALSE,0,NA,NA,NA,NA,NA,NA,NA,NA,NA,NA,NA,NA,NA,NA,NA,NA,NA,NA,NA,0.00771380754164692,0.272199672456641,0.0101112257584694,0.0767968965856927,NA,NA,NA,NA,NA,NA,NA,NA,NA,NA,NA,NA,NA,NA,NA,NA,NA,NA,NA,NA,NA,NA,NA,NA
"63","HA2.152.02","D02","5mM Sulfite/ 7.5mM Lactate",FALSE,"gompertz.exp",FALSE,FALSE,0,NA,NA,NA,NA,NA,NA,NA,NA,NA,NA,NA,NA,NA,NA,NA,NA,NA,NA,NA,0.0130576467343241,-0.41585482102701,0.010236029654145,0.207364305245278,NA,NA,NA,NA,NA,NA,NA,NA,NA,NA,NA,NA,NA,NA,NA,NA,NA,NA,NA,NA,NA,NA,NA,NA
"64","HA2.152.02","D03","5mM Sulfite/ 7.5mM Lactate",TRUE,"richards",FALSE,FALSE,0,0.0270512562192443,11.430309756676,0.155997537914311,2.31314018934566,0.00122538117213648,0.202665648211494,0.000696931602311486,0.0250355041910798,0.0290670082474088,11.0969247653681,11.7636947479839,0.154851085428508,0.157143990400113,0.0246495091218568,0.0294530033166318,11.0330850861815,11.8275344271706,0.15463155197378,0.157363523854841,0.0321912955458327,12.030803729501,0.160750645271829,2.34898984157887,NA,NA,NA,NA,NA,NA,NA,NA,NA,NA,NA,NA,NA,NA,NA,NA,NA,NA,NA,NA,NA,NA,NA,NA
"65","HA2.152.02","D03","5mM Sulfite/ 7.5mM Lactate",TRUE,"richards",FALSE,FALSE,0,0.0277635656832966,10.9440423023263,0.162353327971513,2.53940933141732,0.00100858787551242,0.174088755351452,0.000393331184490374,0.0261044386280787,0.0294226927385145,10.6576662997731,11.2304183048794,0.161706298173027,0.16300035777,0.0257867334472923,0.0297403979193009,10.6028283418374,11.2852562628151,0.161582398849912,0.163124257093115,0.0309363405651378,11.337962426107,0.164732619224718,2.54679374573842,NA,NA,NA,NA,NA,NA,NA,NA,NA,NA,NA,NA,NA,NA,NA,NA,NA,NA,NA,NA,NA,NA,NA,NA
"66","HA2.152.02","D03","5mM Sulfite/ 7.5mM Lactate",TRUE,"richards",FALSE,FALSE,0,0.0284975445887692,11.9450166348686,0.158049780856442,2.35560839557767,0.000947595524249308,0.15918415105652,0.000354367926014092,0.0269387499513791,0.0300563392261593,11.6831587063806,12.2068745633566,0.157466845618149,0.158632716094735,0.0266402573612406,0.0303548318162979,11.6330156987978,12.2570175709394,0.157355219721455,0.15874434199143,0.0323846696259778,12.4266447513441,0.160033408656074,2.36622721482032,NA,NA,NA,NA,NA,NA,NA,NA,NA,NA,NA,NA,NA,NA,NA,NA,NA,NA,NA,NA,NA,NA,NA,NA
"67","HA2.152.02","D03","5mM Sulfite/ 7.5mM Lactate",TRUE,"richards",FALSE,FALSE,0,0.0284863835516561,10.9609056620842,0.171399713483934,2.60489749428157,0.000733987736229958,0.119152756515216,0.000434936594288189,0.0272789737255578,0.0296937933777544,10.7648993776167,11.1569119465517,0.170684242786329,0.172115184181538,0.0270477675886454,0.0299249995146668,10.7273662593144,11.194445064854,0.170547237759129,0.172252189208738,0.0347611626537603,11.7910865853044,0.174302388740688,2.61114240915532,NA,NA,NA,NA,NA,NA,NA,NA,NA,NA,NA,NA,NA,NA,NA,NA,NA,NA,NA,NA,NA,NA,NA,NA
"68","HA2.152.02","D03","5mM Sulfite/ 7.5mM Lactate",TRUE,"richards",FALSE,FALSE,0,0.0336245651519019,14.8462202202611,0.183287575543094,2.28096486497062,0.00206888656625218,0.306476396940242,0.000547628739010571,0.0302212467504171,0.0370278835533868,14.3420665472944,15.3503738932278,0.182386726267421,0.184188424818766,0.0295695474820477,0.0376795828217562,14.2455264822582,15.4469139582639,0.182214223214633,0.184360927871555,0.0353152374035431,15.0261001053655,0.184544078935429,2.30622606517018,NA,NA,NA,NA,NA,NA,NA,NA,NA,NA,NA,NA,NA,NA,NA,NA,NA,NA,NA,NA,NA,NA,NA,NA
"69","HA2.152.05","D01","15mM Sulfate / 30mM Lactate",TRUE,"richards",FALSE,FALSE,0,0.0421206575166093,22.5786267000945,0.402068286235998,8.24545545491625,0.00224722907986262,0.430817137216508,0.00194945948898921,0.0384239656802353,0.0458173493529833,21.8699325093734,23.2873208908157,0.398861425376611,0.405275147095385,0.0377160885200785,0.04652522651314,21.7342251111502,23.4230282890389,0.398247345637579,0.405889226834417,0.0368027987415846,21.4598450292776,0.42496775886225,8.30694276384807,NA,NA,NA,NA,NA,NA,NA,NA,NA,NA,NA,NA,NA,NA,NA,NA,NA,NA,NA,NA,NA,NA,NA,NA
"70","HA2.152.05","D01","15mM Sulfate / 30mM Lactate",TRUE,"richards",FALSE,FALSE,0,0.0412383286114184,22.1227384213824,0.396215521807154,8.26645693175969,0.00225868443951005,0.44336858285856,0.00203497981818155,0.0375227927084244,0.0449538645144124,21.39339710258,22.8520797401847,0.392867980006245,0.399563063608063,0.0368113071099787,0.0456653501128581,21.2537359989796,22.9917408437852,0.392226961363518,0.40020408225079,0.0694846311751216,-0.0955582419883396,0.415718956038405,8.36506903146754,NA,NA,NA,NA,NA,NA,NA,NA,NA,NA,NA,NA,NA,NA,NA,NA,NA,NA,NA,NA,NA,NA,NA,NA
"71","HA2.152.05","D01","15mM Sulfate / 30mM Lactate",TRUE,"richards",FALSE,FALSE,0,0.0401740607948766,22.0770806234378,0.380634236891161,7.79183347504546,0.00119827377859492,0.228261277278951,0.00130002347776271,0.038202900429088,0.0421452211606653,21.7015908223139,22.4525704245617,0.378495698270241,0.38277277551208,0.0378254441888306,0.0425226774009227,21.6296885199711,22.5244727269046,0.378086190874746,0.383182282907576,0.0372717259696001,21.4822673212702,0.395748325366867,7.84922490010215,NA,NA,NA,NA,NA,NA,NA,NA,NA,NA,NA,NA,NA,NA,NA,NA,NA,NA,NA,NA,NA,NA,NA,NA
"72","HA2.152.05","D01","15mM Sulfate / 30mM Lactate",TRUE,"richards",FALSE,FALSE,0,0.0397519998054754,22.0656724683817,0.369171351393737,7.62926184119728,0.0016644154591526,0.31713099767092,0.00164549803270494,0.0370140363751694,0.0424899632357814,21.543991977213,22.5873529595504,0.366464507129937,0.371878195657536,0.0364897455055363,0.0430142541054145,21.4440957129467,22.6872492238167,0.365946175249635,0.372396527537838,0.0350222190753828,21.1098029106281,0.390191226431345,7.66768651074774,NA,NA,NA,NA,NA,NA,NA,NA,NA,NA,NA,NA,NA,NA,NA,NA,NA,NA,NA,NA,NA,NA,NA,NA
"73","HA2.152.05","D01","15mM Sulfate / 30mM Lactate",TRUE,"logistic",FALSE,FALSE,0,0.0497378957004021,11.4184324472311,0.43309782729679,12.8062932017736,0.00183601510051,0.182867314558094,0.00235679083254755,0.0467176508600631,0.052758140540741,11.117615714783,11.7192491796792,0.429220906377249,0.436974748216331,0.0461393061034025,0.0533364852974017,11.0600125106972,11.776852383765,0.428478517264997,0.437717137328583,0.0531502132374559,12.2036914716497,0.462228309605572,13.0152954531596,NA,NA,NA,NA,NA,NA,NA,NA,NA,NA,NA,NA,NA,NA,NA,NA,NA,NA,NA,NA,NA,NA,NA,NA
"74","HA2.152.05","D02","15mM Sulfate / 30mM Lactate",TRUE,"richards",FALSE,FALSE,0,0.0431592691640832,22.3488714316186,0.401617200226006,8.29383535120173,0.00213936278179319,0.386296051843971,0.00189729788575594,0.0396400173880334,0.046678520940133,21.7134144263352,22.9843284369019,0.398496145203937,0.404738255248074,0.0389661181117686,0.0473524202163979,21.5917311700044,23.1060116932327,0.397898496369924,0.405335904082087,0.0394117409481993,21.6376594132891,0.428560563622506,8.34668265911818,NA,NA,NA,NA,NA,NA,NA,NA,NA,NA,NA,NA,NA,NA,NA,NA,NA,NA,NA,NA,NA,NA,NA,NA
"75","HA2.152.05","D02","15mM Sulfate / 30mM Lactate",TRUE,"richards",FALSE,FALSE,0,0.060004798342856,12.66645391775,0.442431083504977,13.3596712949835,0.00198995530699345,0.18826907702276,0.0012351248381412,0.0567313218628517,0.0632782748228602,12.3567512860475,12.9761565494524,0.440399303146235,0.444462863863719,0.0561044859411488,0.0639051107445631,12.2974465267854,13.0354613087146,0.44001023882222,0.444851928187734,0.0586308580035348,12.6449832108124,0.46551314373286,13.4038435123646,NA,NA,NA,NA,NA,NA,NA,NA,NA,NA,NA,NA,NA,NA,NA,NA,NA,NA,NA,NA,NA,NA,NA,NA
"76","HA2.152.05","D02","15mM Sulfate / 30mM Lactate",TRUE,"richards",FALSE,FALSE,0,0.05978163740108,13.0614278420708,0.443814480371529,13.196682749907,0.00194178983616938,0.183059792516954,0.00118879228332132,0.0565873931205814,0.0629758816815787,12.7602944833804,13.3625612007612,0.441858917065465,0.445770043677592,0.0559757293221881,0.063587545479972,12.7026306487376,13.4202250354041,0.441484447496219,0.446144513246839,0.0542273080514296,12.5780406600509,0.467368607409927,13.2351364708621,NA,NA,NA,NA,NA,NA,NA,NA,NA,NA,NA,NA,NA,NA,NA,NA,NA,NA,NA,NA,NA,NA,NA,NA
"77","HA2.152.05","D02","15mM Sulfate / 30mM Lactate",TRUE,"richards",FALSE,FALSE,0,0.0611931821285431,12.9219194846809,0.455344166441843,13.634257931944,0.0026045028758488,0.24352051477637,0.00156494542367626,0.0569087748977718,0.0654775893593143,12.5213282378738,13.322510731488,0.452769831219895,0.45791850166379,0.0560883564918794,0.0662980077652067,12.4446192757192,13.3992196936426,0.452276873411437,0.458411459472248,0.0589827083258204,12.8366720256786,0.485693556933131,13.6873084816882,NA,NA,NA,NA,NA,NA,NA,NA,NA,NA,NA,NA,NA,NA,NA,NA,NA,NA,NA,NA,NA,NA,NA,NA
"78","HA2.152.05","D02","15mM Sulfate / 30mM Lactate",TRUE,"richards",FALSE,FALSE,0,0.0579556781297401,12.5416804905316,0.445452353198473,13.4653219454771,0.00178268380907329,0.182095350197144,0.00114323268399541,0.0550231632638145,0.0608881929956657,12.2421336394573,12.8412273416059,0.4435717354333,0.447332970963645,0.0544616178639565,0.0614497383955238,12.1847736041452,12.898587376918,0.443211617137842,0.447693089259104,0.0557849688896545,12.3659043130043,0.46820475331813,13.5055760752138,NA,NA,NA,NA,NA,NA,NA,NA,NA,NA,NA,NA,NA,NA,NA,NA,NA,NA,NA,NA,NA,NA,NA,NA
"79","HA2.152.05","D03","15mM Sulfate / 30mM Lactate",TRUE,"richards",FALSE,FALSE,0,0.0608995187532601,12.4040962173273,0.443788370908619,13.4833309608465,0.00182623640236381,0.165764527396132,0.00119327322208698,0.0578953598713716,0.0639036776351485,12.1314135697607,12.6767788648939,0.441825436458286,0.445751305358952,0.057320095404627,0.0644789421018931,12.0791977436309,12.7289946910237,0.441449555393328,0.446127186423909,0.0593292344624806,12.3260853736404,0.469872789011993,13.5179937944686,NA,NA,NA,NA,NA,NA,NA,NA,NA,NA,NA,NA,NA,NA,NA,NA,NA,NA,NA,NA,NA,NA,NA,NA
"80","HA2.152.05","D03","15mM Sulfate / 30mM Lactate",TRUE,"richards",FALSE,FALSE,0,0.0612892931194118,12.3754495627083,0.438703764487226,13.4122207139734,0.00205555106487118,0.184904178199422,0.00124713228355134,0.0579079116176987,0.0646706746211249,12.0712821895702,12.6796169358463,0.436652231880784,0.440755297093668,0.0572604130322643,0.0653181732065593,12.0130373734374,12.7378617519791,0.436259385211465,0.441148143762987,0.0573121278514214,12.0751326248403,0.465722580394317,13.4669648400718,NA,NA,NA,NA,NA,NA,NA,NA,NA,NA,NA,NA,NA,NA,NA,NA,NA,NA,NA,NA,NA,NA,NA,NA
"81","HA2.152.05","D03","15mM Sulfate / 30mM Lactate",TRUE,"richards",FALSE,FALSE,0,0.0614451074421772,12.0776288587711,0.451019995627731,13.9488936281821,0.00195247488679983,0.182506887972313,0.00115625023760434,0.0582332862533915,0.064656928630963,11.7774050280566,12.3778526894855,0.449117963986872,0.452922027268591,0.0576182566640496,0.0652719582203049,11.7199153583453,12.4353423591968,0.448753745162027,0.453286246093436,0.0577806600920044,11.796343437902,0.474910307626533,13.9894973592734,NA,NA,NA,NA,NA,NA,NA,NA,NA,NA,NA,NA,NA,NA,NA,NA,NA,NA,NA,NA,NA,NA,NA,NA
"82","HA2.152.05","D03","15mM Sulfate / 30mM Lactate",TRUE,"richards",FALSE,FALSE,0,0.0650395381984177,12.6610219971337,0.466685873640244,14.1900569344797,0.00257825817158215,0.223351121455595,0.0014607481128441,0.060798303506165,0.0692807728906703,12.2936094023393,13.0284345919282,0.464282942994616,0.469088804285873,0.0599861521821166,0.0700929242147187,12.2232537990808,13.0987901951867,0.46382280733907,0.469548939941419,0.0585443100138851,12.1185659260866,0.497542228614981,14.2430257164858,NA,NA,NA,NA,NA,NA,NA,NA,NA,NA,NA,NA,NA,NA,NA,NA,NA,NA,NA,NA,NA,NA,NA,NA
"83","HA2.152.05","D03","15mM Sulfate / 30mM Lactate",TRUE,"richards",FALSE,FALSE,0,0.0666943699116631,12.4247246386249,0.463413999435587,14.2473951829342,0.00233287121786672,0.190937862754508,0.00126084395114883,0.0628567967582723,0.0705319430650538,12.1106318543938,12.7388174228561,0.461339911135947,0.465488087735227,0.0621219423246443,0.0712667974986819,12.0504864276261,12.7989628496238,0.460942745291335,0.465885253579839,0.0620506930638009,12.089128395811,0.49041586000677,14.2881857573204,NA,NA,NA,NA,NA,NA,NA,NA,NA,NA,NA,NA,NA,NA,NA,NA,NA,NA,NA,NA,NA,NA,NA,NA
"84","HA2.152.05","M01","",FALSE,"gompertz.exp",FALSE,FALSE,0,NA,NA,NA,NA,NA,NA,NA,NA,NA,NA,NA,NA,NA,NA,NA,NA,NA,NA,NA,1.35197370846791e-17,-369829677062739,0.00500000000000001,0.570063661,NA,NA,NA,NA,NA,NA,NA,NA,NA,NA,NA,NA,NA,NA,NA,NA,NA,NA,NA,NA,NA,NA,NA,NA
"85","HA2.152.05","M01","",FALSE,"gompertz.exp",FALSE,FALSE,0,NA,NA,NA,NA,NA,NA,NA,NA,NA,NA,NA,NA,NA,NA,NA,NA,NA,NA,NA,1.35197370846791e-17,-369829677062739,0.00500000000000001,0.570063661,NA,NA,NA,NA,NA,NA,NA,NA,NA,NA,NA,NA,NA,NA,NA,NA,NA,NA,NA,NA,NA,NA,NA,NA
"86","HA2.152.05","M01","",FALSE,"gompertz.exp",FALSE,FALSE,0,NA,NA,NA,NA,NA,NA,NA,NA,NA,NA,NA,NA,NA,NA,NA,NA,NA,NA,NA,1.35197370846791e-17,-369829677062739,0.00500000000000001,0.570063661,NA,NA,NA,NA,NA,NA,NA,NA,NA,NA,NA,NA,NA,NA,NA,NA,NA,NA,NA,NA,NA,NA,NA,NA
"87","HA2.152.05","M02","",TRUE,"richards",FALSE,FALSE,0,0.0931887709861744,25.4074896451061,0.321620996687117,28.3603262712394,0.0187044986556636,0.623814917400373,0.000606790972667569,0.0624198706976077,0.123957671274741,24.3813141059825,26.4336651842297,0.320622825537079,0.322619167837155,0.0565279536210737,0.129849588351275,24.1848124070014,26.6301668832108,0.320431686380689,0.322810306993546,0.0888001787321033,25.1817425724676,0.337405528231338,28.5185268592587,NA,NA,NA,NA,NA,NA,NA,NA,NA,NA,NA,NA,NA,NA,NA,NA,NA,NA,NA,NA,NA,NA,NA,NA
"88","HA2.152.05","M02","",TRUE,"logistic",FALSE,FALSE,0,0.0669120142470445,25.5465927287056,0.345969251729755,29.7121340236459,0.00235373345334621,0.1043594150008,0.000709322224592049,0.06304012271629,0.070783905777799,25.3749214910292,25.7182639663819,0.344802416670301,0.347136086789209,0.062298696678486,0.0715253318156031,25.342048275304,25.7511371821071,0.344578980169554,0.347359523289955,0.0926715139075089,26.7189783902896,0.363464256970262,29.9322513778293,NA,NA,NA,NA,NA,NA,NA,NA,NA,NA,NA,NA,NA,NA,NA,NA,NA,NA,NA,NA,NA,NA,NA,NA
"89","HA2.152.05","M02","",TRUE,"logistic",FALSE,FALSE,0,0.0621096848558355,33.9673481612102,0.320934156916999,24.860148408222,0.00259572997177831,0.123878775718851,0.000825097927266902,0.0578397090522602,0.0663796606594109,33.7635675751527,34.1711287472677,0.319576870826645,0.322291443007353,0.0570220541111501,0.067197315600521,33.7245457608013,34.2101505616192,0.319316964979556,0.322551348854442,0.0876921708356703,35.2315787314996,0.333419458207865,25.3063543302132,NA,NA,NA,NA,NA,NA,NA,NA,NA,NA,NA,NA,NA,NA,NA,NA,NA,NA,NA,NA,NA,NA,NA,NA
"90","HA2.152.05","M03","",TRUE,"logistic",FALSE,FALSE,0,0.0561370609456645,23.5527465192069,0.317804762787234,27.849039340684,0.002336981743475,0.135204348940447,0.000800327539188929,0.0522927259776481,0.0599813959136809,23.3303353651998,23.7751576732139,0.316488223985268,0.319121301589199,0.0515565767284535,0.0607175451628755,23.2877459952836,23.8177470431301,0.316236120810423,0.319373404764044,0.083682984443246,25.1387170401624,0.331368342047461,28.2302398730017,NA,NA,NA,NA,NA,NA,NA,NA,NA,NA,NA,NA,NA,NA,NA,NA,NA,NA,NA,NA,NA,NA,NA,NA
"91","HA2.152.05","M03","",TRUE,"richards",FALSE,FALSE,0,0.105298813730813,35.8145184713123,0.342927084449429,26.6997653184746,0.024558440616343,0.70291623738506,0.000858243707871583,0.064900178916929,0.145697448544697,34.6582212608139,36.9708156818107,0.341515273549981,0.344338895348878,0.057164270122781,0.153433357338845,34.4368026460376,37.192234296587,0.341244926782001,0.344609242116858,0.0941332456168772,35.3893550882032,0.362558769539882,27.0214584072861,NA,NA,NA,NA,NA,NA,NA,NA,NA,NA,NA,NA,NA,NA,NA,NA,NA,NA,NA,NA,NA,NA,NA,NA
"92","HA2.152.05","M03","",TRUE,"richards",FALSE,FALSE,0,0.102506293264559,35.7473257996386,0.368333704008869,28.6388014289415,0.013703360379573,0.425365114461702,0.000680107380649237,0.0799642654401613,0.125048321088956,35.0476001863491,36.4470514129281,0.367214927367701,0.369452480650037,0.0756477069205958,0.129364879608522,34.9136101752936,36.5810414239835,0.367000693542797,0.369666714474942,0.096070049897813,35.4421449319211,0.384112733526143,28.9713502493635,NA,NA,NA,NA,NA,NA,NA,NA,NA,NA,NA,NA,NA,NA,NA,NA,NA,NA,NA,NA,NA,NA,NA,NA
"93","HA2.152.05","1","CCMA",FALSE,"richards",FALSE,FALSE,0,0.029020399753805,22.2580105840107,0.436176925209093,14.4758643468815,0.000896010863996894,0.317503378243999,0.00210105158881239,0.0275464618825301,0.0304943376250799,21.7357175267993,22.7803036412221,0.432720695345496,0.439633155072689,0.0272642184603711,0.0307765810472389,21.6357039626524,22.8803172053689,0.43205886409502,0.440294986323165,1.02337184853182,61.4075049368922,0.617547840321432,14.6244354003998,NA,NA,NA,NA,NA,NA,NA,NA,NA,NA,NA,NA,NA,NA,NA,NA,NA,NA,NA,NA,NA,NA,NA,NA
"94","HA2.152.05","2","CCMA",TRUE,"richards",FALSE,FALSE,0,0.0405447879333756,24.5709545796172,0.520925145499351,17.135093202255,0.000977918769436573,0.230724761928964,0.00135895842028899,0.0389361115576524,0.0421534643090988,24.191412346244,24.9504968129903,0.518689658897975,0.523160632100726,0.0386280671452799,0.0424615087214713,24.1187340462364,25.0231751129979,0.518261586995584,0.523588704003117,0.0517594795440529,26.5262982455331,0.535876011566309,17.1187449189071,NA,NA,NA,NA,NA,NA,NA,NA,NA,NA,NA,NA,NA,NA,NA,NA,NA,NA,NA,NA,NA,NA,NA,NA
"95","HA2.152.05","3","CCMA",FALSE,"richards",FALSE,FALSE,0,0.0299506401759224,23.3470306899778,0.434716959934191,14.2461893362354,0.000440407979001384,0.150764334107399,0.000893013534042869,0.0292261690504651,0.0306751113013797,23.0990233603712,23.5950380195845,0.43324795267069,0.436185967197691,0.0290874405370797,0.0308138398147651,23.0515325951273,23.6425287848283,0.432966653407467,0.436467266460915,0.0648000304300398,54.9556845792624,0.457181360171779,14.2223979945946,NA,NA,NA,NA,NA,NA,NA,NA,NA,NA,NA,NA,NA,NA,NA,NA,NA,NA,NA,NA,NA,NA,NA,NA
"96","HA2.152.05","4","CCMA",FALSE,"richards",FALSE,FALSE,0,0.0279572468335481,22.981544454012,0.426770526653192,13.750434095805,0.00103735859221565,0.382780695895508,0.00262793350741898,0.0262507919493533,0.0296637017177428,22.3518702092639,23.6112186987601,0.422447576033487,0.431093477272896,0.0259240239928054,0.0299904696742908,22.2312942900568,23.7317946179672,0.42161977697865,0.431921276327733,1.35955198266879,61.5146185172384,0.674787323021311,13.8743606669185,NA,NA,NA,NA,NA,NA,NA,NA,NA,NA,NA,NA,NA,NA,NA,NA,NA,NA,NA,NA,NA,NA,NA,NA
"97","HA2.152.05","5","CCMA",FALSE,"richards",FALSE,FALSE,0,0.0288794316533286,22.8871193460586,0.429334332851003,14.1164936480017,0.000662355666809128,0.2375225587248,0.00145867559762903,0.0277898565814276,0.0299690067252296,22.4963947369563,23.2778439551609,0.426934811492904,0.431733854209103,0.0275812145463827,0.0301776487602745,22.421575130958,23.3526635611592,0.42647532867965,0.432193337022356,0.0635642344385563,28.2631824356366,0.437042711035664,14.183443574739,NA,NA,NA,NA,NA,NA,NA,NA,NA,NA,NA,NA,NA,NA,NA,NA,NA,NA,NA,NA,NA,NA,NA,NA
"98","HA2.152.08","D01","Sulfite 5mM / Lactate 7.5mM",TRUE,"richards",FALSE,FALSE,0,0.0166199055490768,10.2447200489972,0.136132732635652,4.30058113007005,0.00166849760701575,0.710074596908092,0.000496384085523088,0.0138752269855359,0.0193645841126177,9.07664733708343,11.4127927609111,0.135316180814966,0.136949284456337,0.0133496502393259,0.0198901608588277,8.85297383905738,11.6364662589371,0.135159819828026,0.137105645443277,0.0232752040571061,11.7504902538549,0.139969006240488,4.32121595666227,NA,NA,NA,NA,NA,NA,NA,NA,NA,NA,NA,NA,NA,NA,NA,NA,NA,NA,NA,NA,NA,NA,NA,NA
"99","HA2.152.08","D01","Sulfite 5mM / Lactate 7.5mM",TRUE,"richards",FALSE,FALSE,0,0.0252402748687533,11.7266726689066,0.166031474697516,5.03198270698944,0.00171610119026424,0.370225043982816,0.00051175703909817,0.0224172884107686,0.028063261326738,11.1176524715549,12.3356928662583,0.1651896343682,0.166873315026833,0.0218767165358354,0.0286038332016712,11.0010315827003,12.4523137551129,0.165028430900884,0.167034518494149,0.0318588733665123,12.6303394171725,0.17016841312916,5.05780635772396,NA,NA,NA,NA,NA,NA,NA,NA,NA,NA,NA,NA,NA,NA,NA,NA,NA,NA,NA,NA,NA,NA,NA,NA
"100","HA2.152.08","D01","Sulfite 5mM / Lactate 7.5mM",TRUE,"richards",FALSE,FALSE,0,0.0263628689999992,11.7009706858012,0.164082118135603,4.99971472301233,0.00210777098151461,0.418995333553363,0.000591137758914047,0.0228955857354076,0.0298301522645907,11.0117233621059,12.3902180094965,0.163109696522189,0.165054539749016,0.0222316378762305,0.0304941001237678,10.8797398320366,12.5222015395658,0.162923488128131,0.165240748143074,0.0279519814294705,11.8200817398305,0.167813625205345,5.01861189332283,NA,NA,NA,NA,NA,NA,NA,NA,NA,NA,NA,NA,NA,NA,NA,NA,NA,NA,NA,NA,NA,NA,NA,NA
"101","HA2.152.08","D01","Sulfite 5mM / Lactate 7.5mM",FALSE,"richards",FALSE,FALSE,0,0.016243144960017,9.61309713042654,0.15793663966463,4.87423440113888,0.000875843344042409,0.413771290394187,0.000698452628716544,0.0148023826590672,0.0176839072609667,8.9324433577281,10.293750903125,0.156787685090391,0.159085594238869,0.0145264920056938,0.0179597979143401,8.80210540125393,10.4240888595991,0.156567672512345,0.159305606816914,0.0246523482078883,11.6210803637246,0.164387945178794,4.89724404440571,NA,NA,NA,NA,NA,NA,NA,NA,NA,NA,NA,NA,NA,NA,NA,NA,NA,NA,NA,NA,NA,NA,NA,NA
"102","HA2.152.08","D01","Sulfite 5mM / Lactate 7.5mM",TRUE,"richards",FALSE,FALSE,0,0.021524555577757,10.8322832721479,0.155215521138846,4.89279029878699,0.00241637868503826,0.726187940885899,0.000500664468993038,0.017549612640869,0.0254994985146449,9.63770410939058,12.0268624349052,0.154391928087352,0.156039114190339,0.016788453355082,0.0262606578004319,9.40895490801152,12.2556116362842,0.154234218779619,0.156196823498072,0.0291578981456802,12.0298489847052,0.158795929977045,4.91526485884781,NA,NA,NA,NA,NA,NA,NA,NA,NA,NA,NA,NA,NA,NA,NA,NA,NA,NA,NA,NA,NA,NA,NA,NA
"103","HA2.152.08","D02","Sulfite 5mM / Lactate 7.5mM",FALSE,"logistic",FALSE,FALSE,0,0.0069359626217603,5.0268755617209,0.132126732278094,3.82057716913784,0.000303257283071352,0.45380324953947,0.00157442287890266,0.00643710439110793,0.00743482085241268,4.28036921622847,5.77338190721333,0.129536806642299,0.134716657913888,0.00634157834694045,0.00753034689658015,4.13742119262354,5.91632993081826,0.129040863435444,0.135212601120743,0.0190977087616521,11.6227402812209,0.14690833260643,3.84226367241399,NA,NA,NA,NA,NA,NA,NA,NA,NA,NA,NA,NA,NA,NA,NA,NA,NA,NA,NA,NA,NA,NA,NA,NA
"104","HA2.152.08","D02","Sulfite 5mM / Lactate 7.5mM",TRUE,"richards",FALSE,FALSE,0,0.0208428061365357,11.0059797990074,0.145765275870027,4.57162033365437,0.0020398190615316,0.610227191038056,0.000438415807093383,0.0174873037803162,0.0241983084927552,10.0021560697498,12.009803528265,0.145044081867358,0.146486469872696,0.0168447607759337,0.0248408514971376,9.8099345045728,12.202025093442,0.144905980888124,0.14662457085193,0.0257791724981399,11.8130886949046,0.148732947615801,4.59146320917764,NA,NA,NA,NA,NA,NA,NA,NA,NA,NA,NA,NA,NA,NA,NA,NA,NA,NA,NA,NA,NA,NA,NA,NA
"105","HA2.152.08","D02","Sulfite 5mM / Lactate 7.5mM",FALSE,"richards",FALSE,FALSE,0,0.0162907400480179,9.86508463358182,0.143654834703254,4.57168810819825,0.00172400460203422,0.810367413078702,0.000563062160580077,0.0134547524776716,0.0191267276183642,8.53203023906735,11.1981390280963,0.1427285974491,0.144581071957409,0.0129116910280308,0.019669789068005,8.27676450394756,11.4534047632161,0.142551232868517,0.144758436537991,0.0378355083866355,-0.178401195217968,0.146823967039905,4.59087713831008,NA,NA,NA,NA,NA,NA,NA,NA,NA,NA,NA,NA,NA,NA,NA,NA,NA,NA,NA,NA,NA,NA,NA,NA
"106","HA2.152.08","D02","Sulfite 5mM / Lactate 7.5mM",FALSE,"gompertz.exp",FALSE,FALSE,0,NA,NA,NA,NA,NA,NA,NA,NA,NA,NA,NA,NA,NA,NA,NA,NA,NA,NA,NA,5.34824589188917e-17,-93488596094332.6,0.00500000000000001,0.21838124735,NA,NA,NA,NA,NA,NA,NA,NA,NA,NA,NA,NA,NA,NA,NA,NA,NA,NA,NA,NA,NA,NA,NA,NA
"107","HA2.152.08","D02","Sulfite 5mM / Lactate 7.5mM",TRUE,"richards",FALSE,FALSE,0,0.0158064191932229,9.15431938050763,0.146580395648673,4.74337957298696,0.00171937809789339,0.88491384654671,0.000553265802488157,0.0129780422221883,0.0186347961642575,7.69863610293829,10.610002658077,0.14567027340358,0.147490517893766,0.0124364381213518,0.0191764002650939,7.41988824127608,10.8887505197392,0.145495994675797,0.14766479662155,0.0234668943648659,-0.315927671206182,0.149427493391031,4.75916640238003,NA,NA,NA,NA,NA,NA,NA,NA,NA,NA,NA,NA,NA,NA,NA,NA,NA,NA,NA,NA,NA,NA,NA,NA
"108","HA2.152.08","D03","Sulfite 5mM / Lactate 7.5mM",TRUE,"richards",FALSE,FALSE,0,0.0256296732243325,13.1556993485149,0.168959011111681,4.9727218412857,0.00263826276954207,0.608906231932868,0.000567845552234765,0.0212897309684358,0.0299696154802292,12.1540485969854,14.1573501000445,0.168024905178255,0.169893117045107,0.0204586781960301,0.030800668252635,11.9622431339265,14.3491555631034,0.167846033829301,0.170071988394061,0.0321482338640724,14.0057311532562,0.173017885960482,4.99986842822443,NA,NA,NA,NA,NA,NA,NA,NA,NA,NA,NA,NA,NA,NA,NA,NA,NA,NA,NA,NA,NA,NA,NA,NA
"109","HA2.152.08","D03","Sulfite 5mM / Lactate 7.5mM",TRUE,"richards",FALSE,FALSE,0,0.0199666681201957,10.699339295714,0.163823414002201,5.15189742358356,0.00296617510225615,1.09374266853051,0.000767363685497795,0.0150873100769843,0.0248460261634071,8.90013260598134,12.4985459854467,0.162561100739557,0.165085727264845,0.0141529649197736,0.0257803713206177,8.55560366539423,12.8430749260339,0.162319381178625,0.165327446825776,0.0256817430503032,11.8639171284513,0.167434943212977,5.17270527724615,NA,NA,NA,NA,NA,NA,NA,NA,NA,NA,NA,NA,NA,NA,NA,NA,NA,NA,NA,NA,NA,NA,NA,NA
"110","HA2.152.08","D03","Sulfite 5mM / Lactate 7.5mM",FALSE,"richards",FALSE,FALSE,0,0.0163350277186815,9.70331816582313,0.132626740725372,4.27153485437324,0.00161289594336037,0.711802801284072,0.000484535840454052,0.0136818138918537,0.0189882415455094,8.53240255771084,10.8742337739354,0.131829679267825,0.133423802182919,0.0131737516696952,0.0194963037676679,8.30818467530635,11.0984516563399,0.131677050478082,0.133576430972662,0.0281851649319328,-0.295784167711305,0.1368712224221,4.28962859049166,NA,NA,NA,NA,NA,NA,NA,NA,NA,NA,NA,NA,NA,NA,NA,NA,NA,NA,NA,NA,NA,NA,NA,NA
"111","HA2.152.08","D03","Sulfite 5mM / Lactate 7.5mM",TRUE,"richards",FALSE,FALSE,0,0.0165310624728636,18.5064317724077,0.136385693157451,3.18791538036595,0.00162582101329658,0.675604474343067,0.000783986013588561,0.0138565869059908,0.0192055380397365,17.3950624121134,19.617801132702,0.135096036165098,0.137675350149804,0.0133444532868023,0.0197176716589249,17.1822470026953,19.8306165421201,0.134849080570817,0.137922305744085,0.0201113140937937,19.2677645677396,0.144214731767895,3.24129074923347,NA,NA,NA,NA,NA,NA,NA,NA,NA,NA,NA,NA,NA,NA,NA,NA,NA,NA,NA,NA,NA,NA,NA,NA
"112","HA2.152.08","D03","Sulfite 5mM / Lactate 7.5mM",TRUE,"richards",FALSE,FALSE,0,0.0219449362625722,11.7813361552823,0.147410465867904,4.46242238261325,0.00146794641646365,0.372021610887462,0.000428515423263589,0.0195301644074895,0.0243597081176549,11.1693606053724,12.3933117051921,0.146705557996636,0.148115373739173,0.0190677612863035,0.024822111238841,11.0521737979428,12.5104985126217,0.146570575638308,0.148250356097501,0.029220909926141,12.9344550752615,0.151933493003198,4.48488136310449,NA,NA,NA,NA,NA,NA,NA,NA,NA,NA,NA,NA,NA,NA,NA,NA,NA,NA,NA,NA,NA,NA,NA,NA
"113","HA2.152.08","M01","12mL/30PSI 80% H2 20%N2",TRUE,"logistic",FALSE,FALSE,0,0.033409675238119,8.22942448262032,0.21765413301906,10.9238519883748,0.00111578649997917,0.124560092589761,0.00060619742205219,0.0315742064456532,0.0352451440305847,8.02452313031017,8.43432583493048,0.216656938259784,0.218651327778336,0.0312227336981598,0.0355966167780781,7.98528670114439,8.47356226409626,0.216465986071838,0.218842279966282,0.0615709009661878,10.5154931192523,0.221313199386327,11.034511721304,NA,NA,NA,NA,NA,NA,NA,NA,NA,NA,NA,NA,NA,NA,NA,NA,NA,NA,NA,NA,NA,NA,NA,NA
"114","HA2.152.08","M01","12mL/30PSI 80% H2 20%N2",TRUE,"richards",FALSE,FALSE,0,0.0603607547054933,10.9615083801596,0.237922254859445,11.9708585316792,0.0106591895760797,0.640564710973728,0.000370211123605833,0.0428263878528423,0.0778951215581444,9.90777943060783,12.0152373297114,0.237313257561113,0.238531252157777,0.0394687431363772,0.0812527662746095,9.7060015466511,12.2170152136681,0.237196641057178,0.238647868661713,0.067524551961976,11.1527378451763,0.246293024508456,12.0226949780568,NA,NA,NA,NA,NA,NA,NA,NA,NA,NA,NA,NA,NA,NA,NA,NA,NA,NA,NA,NA,NA,NA,NA,NA
"115","HA2.152.08","M01","12mL/30PSI 80% H2 20%N2",FALSE,"logistic",FALSE,FALSE,0,0.0611914986251288,9.65053695936417,0.324683657341994,16.0307796273176,0.0255935162228995,1.27157770707685,0.0102031645945554,0.0190901644384592,0.103292832811798,7.55879163122276,11.7422822875056,0.307899451583951,0.341467863100038,0.0110282068282458,0.111354790422012,7.15824465349356,12.1428292652348,0.304685454736666,0.344681859947323,0.0546629120662348,9.6854621416651,0.485101030611248,16.8553994393481,NA,NA,NA,NA,NA,NA,NA,NA,NA,NA,NA,NA,NA,NA,NA,NA,NA,NA,NA,NA,NA,NA,NA,NA
"116","HA2.152.08","M02","12mL/30PSI 80% H2 20%N2",TRUE,"richards",FALSE,FALSE,0,0.0561450099635095,10.0669611428244,0.20898605095111,10.6951848949492,0.00691275659459081,0.422816608646579,0.000281278503538736,0.0447735253654076,0.0675164945616114,9.37142782160081,10.7624944640481,0.208523347812789,0.209448754089431,0.0425960070381115,0.0696940128889075,9.23824058987713,10.8956816957717,0.208434745084174,0.209537356818046,0.0651878972561677,10.3486357477164,0.21343136511006,10.7264084411811,NA,NA,NA,NA,NA,NA,NA,NA,NA,NA,NA,NA,NA,NA,NA,NA,NA,NA,NA,NA,NA,NA,NA,NA
"117","HA2.152.08","M02","12mL/30PSI 80% H2 20%N2",TRUE,"richards",FALSE,FALSE,0,0.0655530452655584,9.97812115520196,0.240173456566986,12.3108824035487,0.00612861282573727,0.311441253296643,0.000300361737502504,0.0554714771672206,0.0756346133638962,9.46580029352898,10.4904420168749,0.239679361508794,0.240667551625177,0.0535409641271133,0.0775651264040034,9.36769629874054,10.5885460116634,0.239584747561481,0.240762165572491,0.0751899921825315,10.2504114573283,0.246004701152819,12.3500583589231,NA,NA,NA,NA,NA,NA,NA,NA,NA,NA,NA,NA,NA,NA,NA,NA,NA,NA,NA,NA,NA,NA,NA,NA
"118","HA2.152.08","M02","12mL/30PSI 80% H2 20%N2",FALSE,"gompertz.exp",FALSE,FALSE,0,NA,NA,NA,NA,NA,NA,NA,NA,NA,NA,NA,NA,NA,NA,NA,NA,NA,NA,NA,0.0909194719779131,11.0453410394396,0.246519815548635,11.5169055534735,NA,NA,NA,NA,NA,NA,NA,NA,NA,NA,NA,NA,NA,NA,NA,NA,NA,NA,NA,NA,NA,NA,NA,NA
"119","HA2.152.08","M03","12mL/30PSI 80% H2 20%N2",FALSE,"richards",FALSE,FALSE,0,0.0749512423905856,11.418425008857,0.261295803099246,13.0346235410669,0.0226247825267265,0.957988329349571,0.000749255143621864,0.0377334751341205,0.112169009647051,9.84253420707694,12.994315810637,0.260063278387988,0.262528327810504,0.0306066686382017,0.11929581614297,9.54076788333182,13.2960821343821,0.259827263017747,0.262764343180745,1.02957002716805,-0.00491026654908451,0.273298915940518,13.2444099703767,NA,NA,NA,NA,NA,NA,NA,NA,NA,NA,NA,NA,NA,NA,NA,NA,NA,NA,NA,NA,NA,NA,NA,NA
"120","HA2.152.08","M03","12mL/30PSI 80% H2 20%N2",TRUE,"logistic",FALSE,FALSE,0,0.0387525741238069,9.15312930726748,0.221831285973006,11.0165000801519,0.0015490100693379,0.131065192053563,0.000692348992238212,0.0362044525597461,0.0413006956878677,8.93752706633937,9.36873154819559,0.220692371880774,0.222970200065237,0.0357165143879046,0.0417886338597092,8.8962415308425,9.41001708369246,0.220474281948219,0.223188289997792,0.0648302892864469,11.0699191378275,0.229311046783363,11.1440671992892,NA,NA,NA,NA,NA,NA,NA,NA,NA,NA,NA,NA,NA,NA,NA,NA,NA,NA,NA,NA,NA,NA,NA,NA
"121","HA2.152.08","M03","12mL/30PSI 80% H2 20%N2",TRUE,"richards",FALSE,FALSE,0,0.0594811665900287,10.4812829801485,0.22623707294187,11.4865992477747,0.00709441264456069,0.414650107618667,0.000324314546517072,0.0478108577897264,0.071151475390331,9.7991835531158,11.1633824071812,0.225703575512849,0.226770570370891,0.0455761178066897,0.0733862153733676,9.66856876921592,11.2939971910811,0.225601416430697,0.226872729453043,0.0618434816805146,10.4665189753558,0.233044530872101,11.5229747913582,NA,NA,NA,NA,NA,NA,NA,NA,NA,NA,NA,NA,NA,NA,NA,NA,NA,NA,NA,NA,NA,NA,NA,NA
"122","HA2.152.08","1","CCMA",FALSE,"richards",FALSE,FALSE,0,0.0245847909961884,26.5852264254375,0.381435310758133,10.9028758517706,0.000449995065062493,0.192360342457029,0.00126688297391965,0.0238445491141606,0.0253250328782162,26.2687936620957,26.9016591887793,0.379351288266035,0.383519333250231,0.0237028006686659,0.0254667813237109,26.2082001542217,26.9622526966533,0.378952220129251,0.383918401387016,0.34202893970136,60.6806327716906,0.455006707181107,10.8759365576059,NA,NA,NA,NA,NA,NA,NA,NA,NA,NA,NA,NA,NA,NA,NA,NA,NA,NA,NA,NA,NA,NA,NA,NA
"123","HA2.152.08","2","CCMA",FALSE,"richards",FALSE,FALSE,0,0.0319541563097704,26.1015702984044,0.398598669399109,12.5029434497228,0.00241818721374429,0.694704242186587,0.00342148304995791,0.027976238343161,0.0359320742763798,24.9587818200075,27.2443587768014,0.392970329781928,0.40422700901629,0.0272145093708316,0.0366938032487092,24.7399499837187,27.4631906130901,0.391892562621191,0.405304776177026,0.0502751604500272,28.9155331996463,0.424563456940287,13.6578461915926,NA,NA,NA,NA,NA,NA,NA,NA,NA,NA,NA,NA,NA,NA,NA,NA,NA,NA,NA,NA,NA,NA,NA,NA
"124","HA2.152.08","3","CCMA",TRUE,"richards",FALSE,FALSE,0,0.0260969317102461,24.8734208475037,0.392069647111525,12.1677014041733,0.00053433311998732,0.216843654111138,0.0011980701021715,0.0252179537278669,0.0269759096926252,24.5167130364908,25.2301286585165,0.390098821793453,0.394040472429597,0.0250496387950709,0.0271442246254212,24.4484072854458,25.2984344095615,0.389721429711269,0.394417864511781,0.0468546077158225,21.8566081780642,0.400766894371566,12.1866050366816,NA,NA,NA,NA,NA,NA,NA,NA,NA,NA,NA,NA,NA,NA,NA,NA,NA,NA,NA,NA,NA,NA,NA,NA
"125","HA2.152.08","4","CCMA",TRUE,"richards",FALSE,FALSE,0,0.0268917129482133,26.16014358393,0.393032523117692,11.6875061962825,0.000415049770387772,0.156993605802484,0.000949947448997774,0.0262089560759254,0.0275744698205012,25.9018891023849,26.4183980654751,0.39146985956409,0.394595186671293,0.0260782153982533,0.0277052104981733,25.8524361165572,26.4678510513029,0.391170626117656,0.394894420117727,0.0367433350205723,28.0545777218384,0.400267128964417,11.872178145886,NA,NA,NA,NA,NA,NA,NA,NA,NA,NA,NA,NA,NA,NA,NA,NA,NA,NA,NA,NA,NA,NA,NA,NA
"126","HA2.152.08","5","CCMA",TRUE,"richards",FALSE,FALSE,0,0.027286999740149,25.3353979185931,0.391175012447231,12.1273078499497,0.000422592055144542,0.15843728573959,0.000845693115006474,0.0265918358094362,0.0279821636708618,25.0747685835515,25.5960272536347,0.389783847273045,0.392566177621416,0.0264587193120657,0.0281152801682323,25.0248608385435,25.6459349986427,0.389517453941818,0.392832570952643,0.0411376488947133,27.9545725651182,0.399268397453384,12.3388791638469,NA,NA,NA,NA,NA,NA,NA,NA,NA,NA,NA,NA,NA,NA,NA,NA,NA,NA,NA,NA,NA,NA,NA,NA
"127","HA2.152.09","D01","Sulfite/Lactate 7.5mM/11.25mM",TRUE,"richards",FALSE,FALSE,0,0.044900165830876,12.3417522565771,0.181969948693307,6.86714937757986,0.0018300095644602,0.146878379547111,0.000156090725863281,0.041889800097339,0.0479105315644131,12.1001373222221,12.5833671909321,0.181713179449262,0.182226717937353,0.041313347084534,0.048486984577218,12.0538706326648,12.6296338804894,0.181664010870615,0.182275886515999,0.0434589026821597,12.2256206880345,0.184459343649612,6.86247812746752,NA,NA,NA,NA,NA,NA,NA,NA,NA,NA,NA,NA,NA,NA,NA,NA,NA,NA,NA,NA,NA,NA,NA,NA
"128","HA2.152.09","D01","Sulfite/Lactate 7.5mM/11.25mM",FALSE,"gompertz.exp",FALSE,FALSE,0,NA,NA,NA,NA,NA,NA,NA,NA,NA,NA,NA,NA,NA,NA,NA,NA,NA,NA,NA,7.64740038487413e-18,-653816950645025,0.005,0.25338305835,NA,NA,NA,NA,NA,NA,NA,NA,NA,NA,NA,NA,NA,NA,NA,NA,NA,NA,NA,NA,NA,NA,NA,NA
"129","HA2.152.09","D01","Sulfite/Lactate 7.5mM/11.25mM",TRUE,"richards",FALSE,FALSE,0,0.0492591636503298,10.98906547309,0.193189392762218,7.54803822533701,0.0034095102496602,0.239550558613902,0.000274999766689768,0.0436505192896388,0.0548678080110208,10.5950048041701,11.3831261420098,0.192737018146013,0.193641767378422,0.0425765235609958,0.0559418037396638,10.5195463782067,11.4585845679732,0.192650393219506,0.19372839230493,0.04358592818077,10.5401330297497,0.197637840098987,7.54672052852397,NA,NA,NA,NA,NA,NA,NA,NA,NA,NA,NA,NA,NA,NA,NA,NA,NA,NA,NA,NA,NA,NA,NA,NA
"130","HA2.152.09","D02","Sulfite/Lactate 7.5mM/11.25mM",TRUE,"logistic",FALSE,FALSE,0,0.0248117748144247,25.1267923004884,0.179565071377713,3.93810266316969,0.000823526491033266,0.136036166717727,0.000924783415152345,0.023457073736675,0.0261664758921744,24.9030128062377,25.3505717947391,0.178043802659787,0.181086340095638,0.0231976628919995,0.0264258867368499,24.8601614137216,25.3934231872551,0.177752495884014,0.181377646871411,0.0423661356002273,27.5793764656412,0.177917772308489,4.07323165499282,NA,NA,NA,NA,NA,NA,NA,NA,NA,NA,NA,NA,NA,NA,NA,NA,NA,NA,NA,NA,NA,NA,NA,NA
"131","HA2.152.09","D01","Sulfite/Lactate 7.5mM/11.25mM",TRUE,"logistic",FALSE,FALSE,0,0.0279943814342268,8.96557924479274,0.182163011960858,7.00537746472274,0.000925013246836977,0.122821894146473,0.000617015262461003,0.02647273464318,0.0295160282252737,8.76353722892179,9.16762126066369,0.181148021854109,0.183178002067606,0.0261813554704264,0.0298074073980273,8.72484833226565,9.20631015731983,0.180953662046434,0.183372361875281,0.0437943969884574,10.9800701853171,0.184048186795397,7.06777148142654,NA,NA,NA,NA,NA,NA,NA,NA,NA,NA,NA,NA,NA,NA,NA,NA,NA,NA,NA,NA,NA,NA,NA,NA
"132","HA2.152.09","D02","Sulfite/Lactate 7.5mM/11.25mM",TRUE,"richards",FALSE,FALSE,0,0.042655880631188,11.3977300425092,0.18381557479763,7.03524355617979,0.00144171179492889,0.120416904972414,0.000211886471684978,0.04028426472853,0.045027496533846,11.1996442338296,11.5958158511888,0.183467021551708,0.184164128043552,0.0398301255131274,0.0454816357492486,11.1617129087632,11.6337471762551,0.183400277313127,0.184230872282132,0.0424497805785041,11.4035917578237,0.186085948268575,7.02727403431007,NA,NA,NA,NA,NA,NA,NA,NA,NA,NA,NA,NA,NA,NA,NA,NA,NA,NA,NA,NA,NA,NA,NA,NA
"133","HA2.152.09","D03","Sulfite/Lactate 7.5mM/11.25mM",TRUE,"logistic",FALSE,FALSE,0,0.0302300513315284,9.24045281799418,0.177543877008117,6.8353155962269,0.0011950537907308,0.132723631691442,0.000677822467909774,0.0282641878457763,0.0321959148172806,9.02212244386176,9.4587831921266,0.176428859048406,0.178658894967829,0.0278877459016961,0.0325723567613608,8.98031449987895,9.50059113610941,0.176215344971014,0.17887240904522,0.0436947595048241,10.941738750921,0.184492012244397,6.88916580897196,NA,NA,NA,NA,NA,NA,NA,NA,NA,NA,NA,NA,NA,NA,NA,NA,NA,NA,NA,NA,NA,NA,NA,NA
"134","HA2.152.09","D03","Sulfite/Lactate 7.5mM/11.25mM",FALSE,"gompertz.exp",FALSE,FALSE,0,NA,NA,NA,NA,NA,NA,NA,NA,NA,NA,NA,NA,NA,NA,NA,NA,NA,NA,NA,0.000134573228641788,13.2245917587635,0.00465617255095546,0.0717491069517085,NA,NA,NA,NA,NA,NA,NA,NA,NA,NA,NA,NA,NA,NA,NA,NA,NA,NA,NA,NA,NA,NA,NA,NA
"135","HA2.152.09","D03","Sulfite/Lactate 7.5mM/11.25mM",TRUE,"richards",FALSE,FALSE,0,0.0546504285949608,10.8422108885534,0.19729508269793,7.75095184588713,0.00551194809726174,0.323251362996807,0.000388581431441516,0.0455832739749653,0.0637175832149564,10.3104623964236,11.3739593806831,0.196655866243209,0.197934299152651,0.0438470103243278,0.0654538468655939,10.2086382170796,11.4757835600271,0.196533463092305,0.198056702303555,0.0493676647374048,10.5263260660348,0.205786668701407,7.74223310635162,NA,NA,NA,NA,NA,NA,NA,NA,NA,NA,NA,NA,NA,NA,NA,NA,NA,NA,NA,NA,NA,NA,NA,NA
"136","HA2.152.09","D01","Sulfite 5mM / Lactate 7.5mM",TRUE,"richards",FALSE,FALSE,0,0.0242625384035765,10.7063922111782,0.156534203771168,4.79528666764307,0.000386909344643811,0.0772198448381714,0.000190228238694704,0.0236260725316375,0.0248990042755156,10.5793655664194,10.833418855937,0.156221278318515,0.15684712922382,0.0235041960880747,0.0250208807190784,10.5550413152953,10.857743107061,0.156161356423326,0.156907051119009,0.0228689092451294,10.4849884166932,0.15901719121927,4.79319620787087,NA,NA,NA,NA,NA,NA,NA,NA,NA,NA,NA,NA,NA,NA,NA,NA,NA,NA,NA,NA,NA,NA,NA,NA
"137","HA2.152.09","D01","Sulfite 5mM / Lactate 7.5mM",TRUE,"richards",FALSE,FALSE,0,0.0237814920264459,9.68005797267311,0.188980238077125,5.73029097083906,0.000433504606459984,0.0953760975436605,0.000421139322387705,0.0230683769488193,0.0244946071040726,9.52316429221379,9.83695165313243,0.188287463891798,0.189673012262453,0.0229318229977844,0.0246311610551075,9.49312082148753,9.86699512385868,0.188154805005246,0.189805671149005,0.0256011144287214,10.0832063173555,0.193554240535346,5.73489042811661,NA,NA,NA,NA,NA,NA,NA,NA,NA,NA,NA,NA,NA,NA,NA,NA,NA,NA,NA,NA,NA,NA,NA,NA
"138","HA2.152.09","D01","Sulfite 5mM / Lactate 7.5mM",TRUE,"richards",FALSE,FALSE,0,0.0272745343222519,10.1249048998214,0.19423060481544,5.93319304306835,0.000554941776120554,0.100993127614565,0.000395703811253231,0.0263616551005336,0.0281874135439702,9.95877120489548,10.2910385947474,0.193579672045928,0.194881537584951,0.0261868484410556,0.0283622202034482,9.9269583696969,10.322851429946,0.193455025345384,0.195006184285496,0.0269583550033653,10.1129000280248,0.200064014915554,5.93408100277314,NA,NA,NA,NA,NA,NA,NA,NA,NA,NA,NA,NA,NA,NA,NA,NA,NA,NA,NA,NA,NA,NA,NA,NA
"139","HA2.152.09","D01","Sulfite 5mM / Lactate 7.5mM",TRUE,"gompertz.exp",FALSE,FALSE,0,0.0233349805086938,10.4275069727018,0.145422318538601,5.64358177416057,0.000933027126474088,0.14292196029225,0.00264092795359886,0.021800150885644,0.0248698101317437,10.1924003480211,10.6626135973826,0.141077992054931,0.149766645022271,0.0215062473408046,0.0251637136765831,10.147379930529,10.7076340148746,0.140246099749547,0.150598537327655,0.168963860505759,-0.0297100993937911,0.183436585824274,5.64651146967566,NA,NA,NA,NA,NA,NA,NA,NA,NA,NA,NA,NA,NA,NA,NA,NA,NA,NA,NA,NA,NA,NA,NA,NA
"140","HA2.152.09","D01","Sulfite 5mM / Lactate 7.5mM",TRUE,"richards",FALSE,FALSE,0,0.0221318720592781,10.8398194737162,0.149526618420912,4.48226106662995,0.000422845674048003,0.0914987598537158,0.000280273091469131,0.0214362909254691,0.022827453193087,10.6893040137569,10.9903349336756,0.149065569185445,0.149987667656379,0.021303094538144,0.0229606495804122,10.660481904403,11.0191570430295,0.148977283161633,0.150075953680192,0.0212758724075412,10.7884537396348,0.153066015831968,4.47152040204069,NA,NA,NA,NA,NA,NA,NA,NA,NA,NA,NA,NA,NA,NA,NA,NA,NA,NA,NA,NA,NA,NA,NA,NA
"141","HA2.152.09","D02","Sulfite 5mM / Lactate 7.5mM",TRUE,"richards",FALSE,FALSE,0,0.0246782362529226,11.491978500835,0.154940712765648,4.67529577733619,0.00118205714613211,0.235651861340245,0.000486404003269163,0.0227337522475353,0.0266227202583099,11.1043311889303,11.8796258127397,0.15414057818027,0.155740847351026,0.0223614042465037,0.0269950682593416,11.0301008526081,11.9538561490619,0.153987360919241,0.155894064612056,0.028916222631657,12.0845583239305,0.159620489352289,4.68950969234346,NA,NA,NA,NA,NA,NA,NA,NA,NA,NA,NA,NA,NA,NA,NA,NA,NA,NA,NA,NA,NA,NA,NA,NA
"142","HA2.152.09","D02","Sulfite 5mM / Lactate 7.5mM",TRUE,"richards",FALSE,FALSE,0,0.0222673553871357,11.0633045648582,0.15792298335783,4.68480389607607,0.000519978918661057,0.118836366360338,0.000365142912021505,0.0214119900659382,0.0231227207083331,10.8678187421955,11.258790387521,0.157322323267554,0.158523643448105,0.02124819670656,0.0232865140677113,10.830385286792,11.2962238429245,0.157207303250267,0.158638663465392,0.0311242164123599,12.3710967336716,0.161939788514855,4.68627359722591,NA,NA,NA,NA,NA,NA,NA,NA,NA,NA,NA,NA,NA,NA,NA,NA,NA,NA,NA,NA,NA,NA,NA,NA
"143","HA2.152.09","D02","Sulfite 5mM / Lactate 7.5mM",TRUE,"richards",FALSE,FALSE,0,0.0244951635877706,13.4841065126893,0.147396373045527,4.31628522227343,0.00262216605823476,0.582292321363342,0.000458559136625004,0.0201817004219744,0.0288086267535668,12.5262356440466,14.441977381332,0.146642043265779,0.148150702825275,0.0193557181136305,0.0296346090619107,12.3428135628172,14.6253994625615,0.146497597137742,0.148295148953312,0.0296383551630091,14.0901133032164,0.152095349773747,4.34404012863207,NA,NA,NA,NA,NA,NA,NA,NA,NA,NA,NA,NA,NA,NA,NA,NA,NA,NA,NA,NA,NA,NA,NA,NA
"144","HA2.152.09","D02","Sulfite 5mM / Lactate 7.5mM",TRUE,"richards",FALSE,FALSE,0,0.0243995054469201,11.792192153421,0.148260607136457,4.36615764535487,0.000666018639505516,0.121054185450232,0.000345990209764157,0.0233039047849335,0.0254951061089067,11.5930580183554,11.9913262884866,0.147691453241395,0.148829761031519,0.0230941089134893,0.0257049019803509,11.5549259499385,12.0294583569034,0.147582466325319,0.148938747947594,0.0306787481459228,12.7059806448141,0.15306536529129,4.36075374350938,NA,NA,NA,NA,NA,NA,NA,NA,NA,NA,NA,NA,NA,NA,NA,NA,NA,NA,NA,NA,NA,NA,NA,NA
"145","HA2.152.09","D03","Sulfite 5mM / Lactate 7.5mM",TRUE,"richards",FALSE,FALSE,0,0.030189133171056,12.9071228599014,0.163644579268907,4.80853351673512,0.00106641527912391,0.155476906269757,0.000250995306546818,0.0284348800368972,0.0319433863052149,12.6513633490876,13.1628823707151,0.163231691989638,0.164057466548177,0.0280989592239732,0.0322793071181389,12.6023881236127,13.2118575961901,0.163152628468075,0.164136530069739,0.0347938189799039,13.4397692699664,0.16705058005964,4.81752565790404,NA,NA,NA,NA,NA,NA,NA,NA,NA,NA,NA,NA,NA,NA,NA,NA,NA,NA,NA,NA,NA,NA,NA,NA
"146","HA2.152.09","D02","Sulfite 5mM / Lactate 7.5mM",TRUE,"richards",FALSE,FALSE,0,0.0227635098569269,10.5221796438519,0.1600495368329,4.88492343985206,0.00116209635914856,0.266821052447469,0.000686971211959276,0.0208518613461275,0.0246751583677263,10.0832590125758,10.961100275128,0.158919469189227,0.161179604476573,0.0204858009929958,0.0250412187208581,9.99921038105489,11.045148906649,0.15870307325746,0.16139600040834,0.024545084959741,10.7819527805633,0.170777968242396,4.90001121203175,NA,NA,NA,NA,NA,NA,NA,NA,NA,NA,NA,NA,NA,NA,NA,NA,NA,NA,NA,NA,NA,NA,NA,NA
"147","HA2.152.09","D03","Sulfite 5mM / Lactate 7.5mM",TRUE,"richards",FALSE,FALSE,0,0.0220651866710155,10.9431292170006,0.156176922034498,4.59350580738042,0.000596843864617715,0.129047070824788,0.000497657624964949,0.0210833785137194,0.0230469948283117,10.7308467854939,11.1554116485074,0.155358275241431,0.156995568827565,0.0208953726963648,0.0232350006456663,10.6901969581841,11.1960614758172,0.155201513089567,0.157152330979429,0.0339821511516405,12.6279018574299,0.162801765157246,4.5907950132098,NA,NA,NA,NA,NA,NA,NA,NA,NA,NA,NA,NA,NA,NA,NA,NA,NA,NA,NA,NA,NA,NA,NA,NA
"148","HA2.152.09","D03","Sulfite 5mM / Lactate 7.5mM",TRUE,"richards",FALSE,FALSE,0,0.0204464016899477,12.0909256348975,0.157463842609077,4.59065992030101,0.000847273345846443,0.250196364064818,0.000506237652890747,0.0190526370360303,0.0218401663438651,11.6793526160109,12.5024986537841,0.156631081670072,0.158296603548083,0.0187857459320887,0.0221070574478067,11.6005407613304,12.5813105084645,0.156471616809411,0.158456068408743,0.0293715317082069,13.606594703009,0.162057564293976,4.61785527119707,NA,NA,NA,NA,NA,NA,NA,NA,NA,NA,NA,NA,NA,NA,NA,NA,NA,NA,NA,NA,NA,NA,NA,NA
"149","HA2.152.09","D03","Sulfite 5mM / Lactate 7.5mM",TRUE,"richards",FALSE,FALSE,0,0.0213001047921106,23.7363320489591,0.153180437879971,2.73640184618522,0.000415548353430142,0.110357754748064,0.00029861010006988,0.020616527750718,0.0219836818335032,23.5547935423986,23.9178705555197,0.152689224265356,0.153671651494586,0.0204856300193875,0.0221145795648337,23.5200308496529,23.9526332482653,0.152595162083834,0.153765713676108,0.0226111261370217,24.0990508687147,0.155325174992875,2.75799794407516,NA,NA,NA,NA,NA,NA,NA,NA,NA,NA,NA,NA,NA,NA,NA,NA,NA,NA,NA,NA,NA,NA,NA,NA
"150","HA2.152.09","D03","Sulfite 5mM / Lactate 7.5mM",TRUE,"richards",FALSE,FALSE,0,0.0246187299773087,11.8213174230157,0.153684879661791,4.55793714185204,0.00089048266862335,0.171744215745166,0.000408215572359203,0.0231538859874233,0.0260835739671941,11.5387981881149,12.1038366579165,0.15301336504526,0.154356394278322,0.0228733839468069,0.0263640760078104,11.4846987601552,12.1579360858762,0.152884777139967,0.154484982183615,0.0306669503804343,12.6529016707093,0.159052736304642,4.56855192138843,NA,NA,NA,NA,NA,NA,NA,NA,NA,NA,NA,NA,NA,NA,NA,NA,NA,NA,NA,NA,NA,NA,NA,NA
"151","HA2.152.09","1","CCMA",FALSE,"richards",FALSE,FALSE,0,0.0277346033971875,28.7508972106225,0.400579888822912,10.760741579291,0.0004584196559556,0.161376282371344,0.00119313038653288,0.0269805030631405,0.0284887037312345,28.4854332261217,29.0163611951234,0.398617189337065,0.402542588308758,0.0268361008715145,0.0286331059228605,28.4345996971747,29.0671947240704,0.398241353265307,0.402918424380516,0.0387196894190619,29.6852165878881,0.410409634826218,11.0124697141455,NA,NA,NA,NA,NA,NA,NA,NA,NA,NA,NA,NA,NA,NA,NA,NA,NA,NA,NA,NA,NA,NA,NA,NA
"152","HA2.152.09","2","CCMA",TRUE,"richards",FALSE,FALSE,0,0.0278863252651542,28.1128291572397,0.421957698493658,11.4562119529069,0.000395345822871105,0.144322464740755,0.0011227093740806,0.0272359813865313,0.0285366691437772,27.8754187027412,28.3502396117383,0.420110841573296,0.423804555414021,0.0271114474523269,0.0286612030779816,27.8299571263479,28.3957011881316,0.41975718812046,0.424158208866856,0.307645143389121,60.4684714333828,0.474535784456124,11.763529691262,NA,NA,NA,NA,NA,NA,NA,NA,NA,NA,NA,NA,NA,NA,NA,NA,NA,NA,NA,NA,NA,NA,NA,NA
"153","HA2.152.09","3","CCMA",TRUE,"richards",FALSE,FALSE,0,0.027126327346653,27.9699895084115,0.419889475517746,11.5248789879149,0.000451520777936262,0.177185948763414,0.00124768094226484,0.0263835756669479,0.0278690790263582,27.6785186226957,28.2614603941273,0.41783704036772,0.421941910667772,0.026241346621898,0.0280113080714081,27.6227050488352,28.3172739679878,0.417444020870907,0.422334930164585,0.260479518016814,60.201368959264,0.471358581105287,11.6056312382317,NA,NA,NA,NA,NA,NA,NA,NA,NA,NA,NA,NA,NA,NA,NA,NA,NA,NA,NA,NA,NA,NA,NA,NA
"154","HA2.152.09","5","CCMA",TRUE,"richards",FALSE,FALSE,0,0.0323566187917693,27.4227091062138,0.475883235859866,13.5134083964747,0.000671165759950157,0.211226443530199,0.00161998188732485,0.0312525511166513,0.0334606864668874,27.0752416066066,27.770176605821,0.473218365655217,0.478548106064516,0.031041133902267,0.0336721036812717,27.0087052768946,27.836712935533,0.47270807136071,0.479058400359023,0.0512104792741511,26.4832838690258,0.482242938214237,13.571022796183,NA,NA,NA,NA,NA,NA,NA,NA,NA,NA,NA,NA,NA,NA,NA,NA,NA,NA,NA,NA,NA,NA,NA,NA
"155","HA2.152.10","M03","12mL/30PSI 80% H2 20%N2",TRUE,"logistic",FALSE,FALSE,0,0.0333088674554571,9.79247503096707,0.245403649143393,11.8283990694682,0.0012160473854821,0.153863321742491,0.00081383782647102,0.0313084695063391,0.0353092654045752,9.53936986670068,10.0455801952335,0.244064885918849,0.246742412367938,0.0309254145799122,0.035692320331002,9.49090292035179,10.0940471415824,0.24380852700351,0.246998771283277,0.0492570826960619,11.9876997095473,0.256809903402539,11.9770340306771,NA,NA,NA,NA,NA,NA,NA,NA,NA,NA,NA,NA,NA,NA,NA,NA,NA,NA,NA,NA,NA,NA,NA,NA
"156","HA2.152.10","M03","12mL/30PSI 80% H2 20%N2",TRUE,"gompertz.exp",FALSE,FALSE,0,0.0318810681326317,11.883926840328,0.224391067450434,11.7910316116317,0.000964262909225856,0.126791973330609,0.00230616000920105,0.0302948556469552,0.0334672806183083,11.6753540441991,12.0924996364568,0.220597434235298,0.22818470066557,0.0299911128305491,0.0337710234347144,11.6354145726,12.1324391080559,0.2198709938324,0.228911141068468,0.0481285887603643,13.2425523124975,0.259873910783968,11.8036987822548,NA,NA,NA,NA,NA,NA,NA,NA,NA,NA,NA,NA,NA,NA,NA,NA,NA,NA,NA,NA,NA,NA,NA,NA
"157","HA2.152.10","M03","12mL/30PSI 80% H2 20%N2",FALSE,"logistic",FALSE,FALSE,0,0.0159737381345408,6.75223540045512,0.242340428960683,11.4515189213638,0.000723747520106731,0.390185935297981,0.00153835454455579,0.0147831734639652,0.0171643028051163,6.11037953688994,7.3940912640203,0.239809835734889,0.244871022186477,0.0145551929951316,0.0173922832739499,5.98747096727108,7.51699983363916,0.239325254053354,0.245355603868013,0.0715007080714487,0.18567818833156,0.252011066369775,11.6725177675826,NA,NA,NA,NA,NA,NA,NA,NA,NA,NA,NA,NA,NA,NA,NA,NA,NA,NA,NA,NA,NA,NA,NA,NA
